--
-- PostgreSQL database dump
--



-- Dumped from database version 18.1
-- Dumped by pg_dump version 18.1

SET statement_timeout = 0;
SET lock_timeout = 0;
SET idle_in_transaction_session_timeout = 0;
SET transaction_timeout = 0;
SET client_encoding = 'UTF8';
SET standard_conforming_strings = on;
SELECT pg_catalog.set_config('search_path', '', false);
SET check_function_bodies = false;
SET xmloption = content;
SET client_min_messages = warning;
SET row_security = off;

--
-- Name: public; Type: SCHEMA; Schema: -; Owner: -
--

-- *not* creating schema, since initdb creates it


SET default_tablespace = '';

SET default_table_access_method = heap;

--
-- Name: auth_group; Type: TABLE; Schema: public; Owner: -
--

CREATE TABLE public.auth_group (
    id integer NOT NULL,
    name character varying(150) NOT NULL
);


--
-- Name: auth_group_id_seq; Type: SEQUENCE; Schema: public; Owner: -
--

ALTER TABLE public.auth_group ALTER COLUMN id ADD GENERATED BY DEFAULT AS IDENTITY (
    SEQUENCE NAME public.auth_group_id_seq
    START WITH 1
    INCREMENT BY 1
    NO MINVALUE
    NO MAXVALUE
    CACHE 1
);


--
-- Name: auth_group_permissions; Type: TABLE; Schema: public; Owner: -
--

CREATE TABLE public.auth_group_permissions (
    id bigint NOT NULL,
    group_id integer NOT NULL,
    permission_id integer NOT NULL
);


--
-- Name: auth_group_permissions_id_seq; Type: SEQUENCE; Schema: public; Owner: -
--

ALTER TABLE public.auth_group_permissions ALTER COLUMN id ADD GENERATED BY DEFAULT AS IDENTITY (
    SEQUENCE NAME public.auth_group_permissions_id_seq
    START WITH 1
    INCREMENT BY 1
    NO MINVALUE
    NO MAXVALUE
    CACHE 1
);


--
-- Name: auth_permission; Type: TABLE; Schema: public; Owner: -
--

CREATE TABLE public.auth_permission (
    id integer NOT NULL,
    name character varying(255) NOT NULL,
    content_type_id integer NOT NULL,
    codename character varying(100) NOT NULL
);


--
-- Name: auth_permission_id_seq; Type: SEQUENCE; Schema: public; Owner: -
--

ALTER TABLE public.auth_permission ALTER COLUMN id ADD GENERATED BY DEFAULT AS IDENTITY (
    SEQUENCE NAME public.auth_permission_id_seq
    START WITH 1
    INCREMENT BY 1
    NO MINVALUE
    NO MAXVALUE
    CACHE 1
);


--
-- Name: auth_user; Type: TABLE; Schema: public; Owner: -
--

CREATE TABLE public.auth_user (
    id integer NOT NULL,
    password character varying(128) NOT NULL,
    last_login timestamp with time zone,
    is_superuser boolean NOT NULL,
    username character varying(150) NOT NULL,
    first_name character varying(150) NOT NULL,
    last_name character varying(150) NOT NULL,
    email character varying(254) NOT NULL,
    is_staff boolean NOT NULL,
    is_active boolean NOT NULL,
    date_joined timestamp with time zone NOT NULL
);


--
-- Name: auth_user_groups; Type: TABLE; Schema: public; Owner: -
--

CREATE TABLE public.auth_user_groups (
    id bigint NOT NULL,
    user_id integer NOT NULL,
    group_id integer NOT NULL
);


--
-- Name: auth_user_groups_id_seq; Type: SEQUENCE; Schema: public; Owner: -
--

ALTER TABLE public.auth_user_groups ALTER COLUMN id ADD GENERATED BY DEFAULT AS IDENTITY (
    SEQUENCE NAME public.auth_user_groups_id_seq
    START WITH 1
    INCREMENT BY 1
    NO MINVALUE
    NO MAXVALUE
    CACHE 1
);


--
-- Name: auth_user_id_seq; Type: SEQUENCE; Schema: public; Owner: -
--

ALTER TABLE public.auth_user ALTER COLUMN id ADD GENERATED BY DEFAULT AS IDENTITY (
    SEQUENCE NAME public.auth_user_id_seq
    START WITH 1
    INCREMENT BY 1
    NO MINVALUE
    NO MAXVALUE
    CACHE 1
);


--
-- Name: auth_user_user_permissions; Type: TABLE; Schema: public; Owner: -
--

CREATE TABLE public.auth_user_user_permissions (
    id bigint NOT NULL,
    user_id integer NOT NULL,
    permission_id integer NOT NULL
);


--
-- Name: auth_user_user_permissions_id_seq; Type: SEQUENCE; Schema: public; Owner: -
--

ALTER TABLE public.auth_user_user_permissions ALTER COLUMN id ADD GENERATED BY DEFAULT AS IDENTITY (
    SEQUENCE NAME public.auth_user_user_permissions_id_seq
    START WITH 1
    INCREMENT BY 1
    NO MINVALUE
    NO MAXVALUE
    CACHE 1
);


--
-- Name: axes_accessattempt; Type: TABLE; Schema: public; Owner: -
--

CREATE TABLE public.axes_accessattempt (
    id integer NOT NULL,
    user_agent character varying(255) NOT NULL,
    ip_address inet,
    username character varying(255),
    http_accept character varying(1025) NOT NULL,
    path_info character varying(255) NOT NULL,
    attempt_time timestamp with time zone NOT NULL,
    get_data text NOT NULL,
    post_data text NOT NULL,
    failures_since_start integer NOT NULL,
    CONSTRAINT axes_accessattempt_failures_since_start_check CHECK ((failures_since_start >= 0))
);


--
-- Name: axes_accessattempt_id_seq; Type: SEQUENCE; Schema: public; Owner: -
--

ALTER TABLE public.axes_accessattempt ALTER COLUMN id ADD GENERATED BY DEFAULT AS IDENTITY (
    SEQUENCE NAME public.axes_accessattempt_id_seq
    START WITH 1
    INCREMENT BY 1
    NO MINVALUE
    NO MAXVALUE
    CACHE 1
);


--
-- Name: axes_accessattemptexpiration; Type: TABLE; Schema: public; Owner: -
--

CREATE TABLE public.axes_accessattemptexpiration (
    access_attempt_id integer NOT NULL,
    expires_at timestamp with time zone NOT NULL
);


--
-- Name: axes_accessfailurelog; Type: TABLE; Schema: public; Owner: -
--

CREATE TABLE public.axes_accessfailurelog (
    id integer NOT NULL,
    user_agent character varying(255) NOT NULL,
    ip_address inet,
    username character varying(255),
    http_accept character varying(1025) NOT NULL,
    path_info character varying(255) NOT NULL,
    attempt_time timestamp with time zone NOT NULL,
    locked_out boolean NOT NULL
);


--
-- Name: axes_accessfailurelog_id_seq; Type: SEQUENCE; Schema: public; Owner: -
--

ALTER TABLE public.axes_accessfailurelog ALTER COLUMN id ADD GENERATED BY DEFAULT AS IDENTITY (
    SEQUENCE NAME public.axes_accessfailurelog_id_seq
    START WITH 1
    INCREMENT BY 1
    NO MINVALUE
    NO MAXVALUE
    CACHE 1
);


--
-- Name: axes_accesslog; Type: TABLE; Schema: public; Owner: -
--

CREATE TABLE public.axes_accesslog (
    id integer NOT NULL,
    user_agent character varying(255) NOT NULL,
    ip_address inet,
    username character varying(255),
    http_accept character varying(1025) NOT NULL,
    path_info character varying(255) NOT NULL,
    attempt_time timestamp with time zone NOT NULL,
    logout_time timestamp with time zone,
    session_hash character varying(64) NOT NULL
);


--
-- Name: axes_accesslog_id_seq; Type: SEQUENCE; Schema: public; Owner: -
--

ALTER TABLE public.axes_accesslog ALTER COLUMN id ADD GENERATED BY DEFAULT AS IDENTITY (
    SEQUENCE NAME public.axes_accesslog_id_seq
    START WITH 1
    INCREMENT BY 1
    NO MINVALUE
    NO MAXVALUE
    CACHE 1
);


--
-- Name: django_admin_log; Type: TABLE; Schema: public; Owner: -
--

CREATE TABLE public.django_admin_log (
    id integer NOT NULL,
    action_time timestamp with time zone NOT NULL,
    object_id text,
    object_repr character varying(200) NOT NULL,
    action_flag smallint NOT NULL,
    change_message text NOT NULL,
    content_type_id integer,
    user_id integer NOT NULL,
    CONSTRAINT django_admin_log_action_flag_check CHECK ((action_flag >= 0))
);


--
-- Name: django_admin_log_id_seq; Type: SEQUENCE; Schema: public; Owner: -
--

ALTER TABLE public.django_admin_log ALTER COLUMN id ADD GENERATED BY DEFAULT AS IDENTITY (
    SEQUENCE NAME public.django_admin_log_id_seq
    START WITH 1
    INCREMENT BY 1
    NO MINVALUE
    NO MAXVALUE
    CACHE 1
);


--
-- Name: django_content_type; Type: TABLE; Schema: public; Owner: -
--

CREATE TABLE public.django_content_type (
    id integer NOT NULL,
    app_label character varying(100) NOT NULL,
    model character varying(100) NOT NULL
);


--
-- Name: django_content_type_id_seq; Type: SEQUENCE; Schema: public; Owner: -
--

ALTER TABLE public.django_content_type ALTER COLUMN id ADD GENERATED BY DEFAULT AS IDENTITY (
    SEQUENCE NAME public.django_content_type_id_seq
    START WITH 1
    INCREMENT BY 1
    NO MINVALUE
    NO MAXVALUE
    CACHE 1
);


--
-- Name: django_migrations; Type: TABLE; Schema: public; Owner: -
--

CREATE TABLE public.django_migrations (
    id bigint NOT NULL,
    app character varying(255) NOT NULL,
    name character varying(255) NOT NULL,
    applied timestamp with time zone NOT NULL
);


--
-- Name: django_migrations_id_seq; Type: SEQUENCE; Schema: public; Owner: -
--

ALTER TABLE public.django_migrations ALTER COLUMN id ADD GENERATED BY DEFAULT AS IDENTITY (
    SEQUENCE NAME public.django_migrations_id_seq
    START WITH 1
    INCREMENT BY 1
    NO MINVALUE
    NO MAXVALUE
    CACHE 1
);


--
-- Name: django_session; Type: TABLE; Schema: public; Owner: -
--

CREATE TABLE public.django_session (
    session_key character varying(40) NOT NULL,
    session_data text NOT NULL,
    expire_date timestamp with time zone NOT NULL
);


--
-- Name: employee_payslip; Type: TABLE; Schema: public; Owner: -
--

CREATE TABLE public.employee_payslip (
    id bigint NOT NULL,
    full_name character varying(100) NOT NULL,
    pin_code character varying(20) NOT NULL,
    nin character varying(50) NOT NULL,
    department character varying(100) NOT NULL,
    ministry character varying(100) NOT NULL,
    dob date NOT NULL,
    job_title character varying(100) NOT NULL,
    salary numeric(10,2) NOT NULL,
    allowances numeric(10,2) NOT NULL,
    deductions numeric(10,2) NOT NULL,
    month character varying(20) NOT NULL,
    year integer NOT NULL
);


--
-- Name: employee_payslip_id_seq; Type: SEQUENCE; Schema: public; Owner: -
--

ALTER TABLE public.employee_payslip ALTER COLUMN id ADD GENERATED BY DEFAULT AS IDENTITY (
    SEQUENCE NAME public.employee_payslip_id_seq
    START WITH 1
    INCREMENT BY 1
    NO MINVALUE
    NO MAXVALUE
    CACHE 1
);


--
-- Name: otp_static_staticdevice; Type: TABLE; Schema: public; Owner: -
--

CREATE TABLE public.otp_static_staticdevice (
    id integer NOT NULL,
    name character varying(64) NOT NULL,
    confirmed boolean NOT NULL,
    user_id integer NOT NULL,
    throttling_failure_count integer NOT NULL,
    throttling_failure_timestamp timestamp with time zone,
    created_at timestamp with time zone,
    last_used_at timestamp with time zone,
    CONSTRAINT otp_static_staticdevice_throttling_failure_count_check CHECK ((throttling_failure_count >= 0))
);


--
-- Name: otp_static_staticdevice_id_seq; Type: SEQUENCE; Schema: public; Owner: -
--

ALTER TABLE public.otp_static_staticdevice ALTER COLUMN id ADD GENERATED BY DEFAULT AS IDENTITY (
    SEQUENCE NAME public.otp_static_staticdevice_id_seq
    START WITH 1
    INCREMENT BY 1
    NO MINVALUE
    NO MAXVALUE
    CACHE 1
);


--
-- Name: otp_static_statictoken; Type: TABLE; Schema: public; Owner: -
--

CREATE TABLE public.otp_static_statictoken (
    id integer NOT NULL,
    token character varying(16) NOT NULL,
    device_id integer NOT NULL
);


--
-- Name: otp_static_statictoken_id_seq; Type: SEQUENCE; Schema: public; Owner: -
--

ALTER TABLE public.otp_static_statictoken ALTER COLUMN id ADD GENERATED BY DEFAULT AS IDENTITY (
    SEQUENCE NAME public.otp_static_statictoken_id_seq
    START WITH 1
    INCREMENT BY 1
    NO MINVALUE
    NO MAXVALUE
    CACHE 1
);


--
-- Name: otp_totp_totpdevice; Type: TABLE; Schema: public; Owner: -
--

CREATE TABLE public.otp_totp_totpdevice (
    id integer NOT NULL,
    name character varying(64) NOT NULL,
    confirmed boolean NOT NULL,
    key character varying(80) NOT NULL,
    step smallint NOT NULL,
    t0 bigint NOT NULL,
    digits smallint NOT NULL,
    tolerance smallint NOT NULL,
    drift smallint NOT NULL,
    last_t bigint NOT NULL,
    user_id integer NOT NULL,
    throttling_failure_count integer NOT NULL,
    throttling_failure_timestamp timestamp with time zone,
    created_at timestamp with time zone,
    last_used_at timestamp with time zone,
    CONSTRAINT otp_totp_totpdevice_digits_check CHECK ((digits >= 0)),
    CONSTRAINT otp_totp_totpdevice_step_check CHECK ((step >= 0)),
    CONSTRAINT otp_totp_totpdevice_throttling_failure_count_check CHECK ((throttling_failure_count >= 0)),
    CONSTRAINT otp_totp_totpdevice_tolerance_check CHECK ((tolerance >= 0))
);


--
-- Name: otp_totp_totpdevice_id_seq; Type: SEQUENCE; Schema: public; Owner: -
--

ALTER TABLE public.otp_totp_totpdevice ALTER COLUMN id ADD GENERATED BY DEFAULT AS IDENTITY (
    SEQUENCE NAME public.otp_totp_totpdevice_id_seq
    START WITH 1
    INCREMENT BY 1
    NO MINVALUE
    NO MAXVALUE
    CACHE 1
);


--
-- Name: payslip_app_adminauditlog; Type: TABLE; Schema: public; Owner: -
--

CREATE TABLE public.payslip_app_adminauditlog (
    id bigint NOT NULL,
    action character varying(50) NOT NULL,
    target character varying(255),
    detail text,
    ip_address inet,
    "timestamp" timestamp with time zone NOT NULL,
    admin_id integer
);


--
-- Name: payslip_app_adminauditlog_id_seq; Type: SEQUENCE; Schema: public; Owner: -
--

ALTER TABLE public.payslip_app_adminauditlog ALTER COLUMN id ADD GENERATED BY DEFAULT AS IDENTITY (
    SEQUENCE NAME public.payslip_app_adminauditlog_id_seq
    START WITH 1
    INCREMENT BY 1
    NO MINVALUE
    NO MAXVALUE
    CACHE 1
);


--
-- Name: payslip_app_notificationlog; Type: TABLE; Schema: public; Owner: -
--

CREATE TABLE public.payslip_app_notificationlog (
    id bigint NOT NULL,
    staff_number character varying(50) NOT NULL,
    reference_code character varying(50) NOT NULL,
    status character varying(20) NOT NULL,
    "timestamp" timestamp with time zone NOT NULL
);


--
-- Name: payslip_app_notificationlog_id_seq; Type: SEQUENCE; Schema: public; Owner: -
--

ALTER TABLE public.payslip_app_notificationlog ALTER COLUMN id ADD GENERATED BY DEFAULT AS IDENTITY (
    SEQUENCE NAME public.payslip_app_notificationlog_id_seq
    START WITH 1
    INCREMENT BY 1
    NO MINVALUE
    NO MAXVALUE
    CACHE 1
);


--
-- Name: payslip_app_payrolldata; Type: TABLE; Schema: public; Owner: -
--

CREATE TABLE public.payslip_app_payrolldata (
    id bigint NOT NULL,
    staff_number character varying(50) NOT NULL,
    full_name character varying(100) NOT NULL,
    month character varying(20) NOT NULL,
    year integer NOT NULL,
    pin_code character varying(10) NOT NULL,
    dob date NOT NULL,
    notified boolean NOT NULL,
    reference_code character varying(50)
);


--
-- Name: payslip_app_payrolldata_id_seq; Type: SEQUENCE; Schema: public; Owner: -
--

ALTER TABLE public.payslip_app_payrolldata ALTER COLUMN id ADD GENERATED BY DEFAULT AS IDENTITY (
    SEQUENCE NAME public.payslip_app_payrolldata_id_seq
    START WITH 1
    INCREMENT BY 1
    NO MINVALUE
    NO MAXVALUE
    CACHE 1
);


--
-- Name: payslip_app_payslipdownloadlog; Type: TABLE; Schema: public; Owner: -
--

CREATE TABLE public.payslip_app_payslipdownloadlog (
    id bigint NOT NULL,
    request_reference character varying(50) NOT NULL,
    month character varying(20) NOT NULL,
    status character varying(20) NOT NULL,
    reason character varying(255) NOT NULL,
    ip_address inet,
    session_key character varying(64) NOT NULL,
    requested_at timestamp with time zone NOT NULL,
    payslip_file_id bigint,
    requested_by_id integer
);


--
-- Name: payslip_app_payslipdownloadlog_id_seq; Type: SEQUENCE; Schema: public; Owner: -
--

ALTER TABLE public.payslip_app_payslipdownloadlog ALTER COLUMN id ADD GENERATED BY DEFAULT AS IDENTITY (
    SEQUENCE NAME public.payslip_app_payslipdownloadlog_id_seq
    START WITH 1
    INCREMENT BY 1
    NO MINVALUE
    NO MAXVALUE
    CACHE 1
);


--
-- Name: payslip_app_payslipfile; Type: TABLE; Schema: public; Owner: -
--

CREATE TABLE public.payslip_app_payslipfile (
    id bigint NOT NULL,
    month character varying(20) NOT NULL,
    file character varying(100) NOT NULL,
    uploaded_at timestamp with time zone NOT NULL,
    request_id bigint NOT NULL
);


--
-- Name: payslip_app_payslipfile_id_seq; Type: SEQUENCE; Schema: public; Owner: -
--

ALTER TABLE public.payslip_app_payslipfile ALTER COLUMN id ADD GENERATED BY DEFAULT AS IDENTITY (
    SEQUENCE NAME public.payslip_app_payslipfile_id_seq
    START WITH 1
    INCREMENT BY 1
    NO MINVALUE
    NO MAXVALUE
    CACHE 1
);


--
-- Name: payslip_app_paysliprequest; Type: TABLE; Schema: public; Owner: -
--

CREATE TABLE public.payslip_app_paysliprequest (
    id bigint NOT NULL,
    full_name character varying(200) NOT NULL,
    employee_number character varying(50) NOT NULL,
    department character varying(100) NOT NULL,
    job_title character varying(100) NOT NULL,
    phone_number character varying(20) NOT NULL,
    email character varying(254) NOT NULL,
    reason text NOT NULL,
    year integer NOT NULL,
    months jsonb NOT NULL,
    status character varying(20) NOT NULL,
    reference_number character varying(50) NOT NULL,
    id_card_front character varying(100),
    id_card_back character varying(100),
    created_at timestamp with time zone NOT NULL
);


--
-- Name: payslip_app_paysliprequest_id_seq; Type: SEQUENCE; Schema: public; Owner: -
--

ALTER TABLE public.payslip_app_paysliprequest ALTER COLUMN id ADD GENERATED BY DEFAULT AS IDENTITY (
    SEQUENCE NAME public.payslip_app_paysliprequest_id_seq
    START WITH 1
    INCREMENT BY 1
    NO MINVALUE
    NO MAXVALUE
    CACHE 1
);


--
-- Name: payslip_app_payslipretrievallog; Type: TABLE; Schema: public; Owner: -
--

CREATE TABLE public.payslip_app_payslipretrievallog (
    id bigint NOT NULL,
    full_name character varying(255) NOT NULL,
    pincode character varying(50) NOT NULL,
    dob date,
    department character varying(255) NOT NULL,
    ministry character varying(255) NOT NULL,
    months character varying(255) NOT NULL,
    year integer NOT NULL,
    ip_address inet NOT NULL,
    request_time timestamp with time zone NOT NULL
);


--
-- Name: payslip_app_payslipretrievallog_id_seq; Type: SEQUENCE; Schema: public; Owner: -
--

ALTER TABLE public.payslip_app_payslipretrievallog ALTER COLUMN id ADD GENERATED BY DEFAULT AS IDENTITY (
    SEQUENCE NAME public.payslip_app_payslipretrievallog_id_seq
    START WITH 1
    INCREMENT BY 1
    NO MINVALUE
    NO MAXVALUE
    CACHE 1
);


--
-- Data for Name: auth_group; Type: TABLE DATA; Schema: public; Owner: -
--



--
-- Data for Name: auth_group_permissions; Type: TABLE DATA; Schema: public; Owner: -
--



--
-- Data for Name: auth_permission; Type: TABLE DATA; Schema: public; Owner: -
--

INSERT INTO public.auth_permission VALUES (1, 'Can add log entry', 1, 'add_logentry');
INSERT INTO public.auth_permission VALUES (2, 'Can change log entry', 1, 'change_logentry');
INSERT INTO public.auth_permission VALUES (3, 'Can delete log entry', 1, 'delete_logentry');
INSERT INTO public.auth_permission VALUES (4, 'Can view log entry', 1, 'view_logentry');
INSERT INTO public.auth_permission VALUES (5, 'Can add permission', 3, 'add_permission');
INSERT INTO public.auth_permission VALUES (6, 'Can change permission', 3, 'change_permission');
INSERT INTO public.auth_permission VALUES (7, 'Can delete permission', 3, 'delete_permission');
INSERT INTO public.auth_permission VALUES (8, 'Can view permission', 3, 'view_permission');
INSERT INTO public.auth_permission VALUES (9, 'Can add group', 2, 'add_group');
INSERT INTO public.auth_permission VALUES (10, 'Can change group', 2, 'change_group');
INSERT INTO public.auth_permission VALUES (11, 'Can delete group', 2, 'delete_group');
INSERT INTO public.auth_permission VALUES (12, 'Can view group', 2, 'view_group');
INSERT INTO public.auth_permission VALUES (13, 'Can add user', 4, 'add_user');
INSERT INTO public.auth_permission VALUES (14, 'Can change user', 4, 'change_user');
INSERT INTO public.auth_permission VALUES (15, 'Can delete user', 4, 'delete_user');
INSERT INTO public.auth_permission VALUES (16, 'Can view user', 4, 'view_user');
INSERT INTO public.auth_permission VALUES (17, 'Can add content type', 5, 'add_contenttype');
INSERT INTO public.auth_permission VALUES (18, 'Can change content type', 5, 'change_contenttype');
INSERT INTO public.auth_permission VALUES (19, 'Can delete content type', 5, 'delete_contenttype');
INSERT INTO public.auth_permission VALUES (20, 'Can view content type', 5, 'view_contenttype');
INSERT INTO public.auth_permission VALUES (21, 'Can add session', 6, 'add_session');
INSERT INTO public.auth_permission VALUES (22, 'Can change session', 6, 'change_session');
INSERT INTO public.auth_permission VALUES (23, 'Can delete session', 6, 'delete_session');
INSERT INTO public.auth_permission VALUES (24, 'Can view session', 6, 'view_session');
INSERT INTO public.auth_permission VALUES (25, 'Can add TOTP device', 7, 'add_totpdevice');
INSERT INTO public.auth_permission VALUES (26, 'Can change TOTP device', 7, 'change_totpdevice');
INSERT INTO public.auth_permission VALUES (27, 'Can delete TOTP device', 7, 'delete_totpdevice');
INSERT INTO public.auth_permission VALUES (28, 'Can view TOTP device', 7, 'view_totpdevice');
INSERT INTO public.auth_permission VALUES (29, 'Can add static device', 8, 'add_staticdevice');
INSERT INTO public.auth_permission VALUES (30, 'Can change static device', 8, 'change_staticdevice');
INSERT INTO public.auth_permission VALUES (31, 'Can delete static device', 8, 'delete_staticdevice');
INSERT INTO public.auth_permission VALUES (32, 'Can view static device', 8, 'view_staticdevice');
INSERT INTO public.auth_permission VALUES (33, 'Can add static token', 9, 'add_statictoken');
INSERT INTO public.auth_permission VALUES (34, 'Can change static token', 9, 'change_statictoken');
INSERT INTO public.auth_permission VALUES (35, 'Can delete static token', 9, 'delete_statictoken');
INSERT INTO public.auth_permission VALUES (36, 'Can view static token', 9, 'view_statictoken');
INSERT INTO public.auth_permission VALUES (37, 'Can add payslip request', 12, 'add_paysliprequest');
INSERT INTO public.auth_permission VALUES (38, 'Can change payslip request', 12, 'change_paysliprequest');
INSERT INTO public.auth_permission VALUES (39, 'Can delete payslip request', 12, 'delete_paysliprequest');
INSERT INTO public.auth_permission VALUES (40, 'Can view payslip request', 12, 'view_paysliprequest');
INSERT INTO public.auth_permission VALUES (41, 'Can add audit log', 10, 'add_auditlog');
INSERT INTO public.auth_permission VALUES (42, 'Can change audit log', 10, 'change_auditlog');
INSERT INTO public.auth_permission VALUES (43, 'Can delete audit log', 10, 'delete_auditlog');
INSERT INTO public.auth_permission VALUES (44, 'Can view audit log', 10, 'view_auditlog');
INSERT INTO public.auth_permission VALUES (45, 'Can add payslip file', 11, 'add_payslipfile');
INSERT INTO public.auth_permission VALUES (46, 'Can change payslip file', 11, 'change_payslipfile');
INSERT INTO public.auth_permission VALUES (47, 'Can delete payslip file', 11, 'delete_payslipfile');
INSERT INTO public.auth_permission VALUES (48, 'Can view payslip file', 11, 'view_payslipfile');
INSERT INTO public.auth_permission VALUES (49, 'Can add payslip retrieval log', 13, 'add_payslipretrievallog');
INSERT INTO public.auth_permission VALUES (50, 'Can change payslip retrieval log', 13, 'change_payslipretrievallog');
INSERT INTO public.auth_permission VALUES (51, 'Can delete payslip retrieval log', 13, 'delete_payslipretrievallog');
INSERT INTO public.auth_permission VALUES (52, 'Can view payslip retrieval log', 13, 'view_payslipretrievallog');
INSERT INTO public.auth_permission VALUES (53, 'Can add payroll data', 14, 'add_payrolldata');
INSERT INTO public.auth_permission VALUES (54, 'Can change payroll data', 14, 'change_payrolldata');
INSERT INTO public.auth_permission VALUES (55, 'Can delete payroll data', 14, 'delete_payrolldata');
INSERT INTO public.auth_permission VALUES (56, 'Can view payroll data', 14, 'view_payrolldata');
INSERT INTO public.auth_permission VALUES (57, 'Can add notification log', 15, 'add_notificationlog');
INSERT INTO public.auth_permission VALUES (58, 'Can change notification log', 15, 'change_notificationlog');
INSERT INTO public.auth_permission VALUES (59, 'Can delete notification log', 15, 'delete_notificationlog');
INSERT INTO public.auth_permission VALUES (60, 'Can view notification log', 15, 'view_notificationlog');
INSERT INTO public.auth_permission VALUES (61, 'Can add employee payslip', 16, 'add_employeepayslip');
INSERT INTO public.auth_permission VALUES (62, 'Can change employee payslip', 16, 'change_employeepayslip');
INSERT INTO public.auth_permission VALUES (63, 'Can delete employee payslip', 16, 'delete_employeepayslip');
INSERT INTO public.auth_permission VALUES (64, 'Can view employee payslip', 16, 'view_employeepayslip');
INSERT INTO public.auth_permission VALUES (65, 'Can add admin audit log', 17, 'add_adminauditlog');
INSERT INTO public.auth_permission VALUES (66, 'Can change admin audit log', 17, 'change_adminauditlog');
INSERT INTO public.auth_permission VALUES (67, 'Can delete admin audit log', 17, 'delete_adminauditlog');
INSERT INTO public.auth_permission VALUES (68, 'Can view admin audit log', 17, 'view_adminauditlog');
INSERT INTO public.auth_permission VALUES (69, 'Can add access attempt', 18, 'add_accessattempt');
INSERT INTO public.auth_permission VALUES (70, 'Can change access attempt', 18, 'change_accessattempt');
INSERT INTO public.auth_permission VALUES (71, 'Can delete access attempt', 18, 'delete_accessattempt');
INSERT INTO public.auth_permission VALUES (72, 'Can view access attempt', 18, 'view_accessattempt');
INSERT INTO public.auth_permission VALUES (73, 'Can add access log', 21, 'add_accesslog');
INSERT INTO public.auth_permission VALUES (74, 'Can change access log', 21, 'change_accesslog');
INSERT INTO public.auth_permission VALUES (75, 'Can delete access log', 21, 'delete_accesslog');
INSERT INTO public.auth_permission VALUES (76, 'Can view access log', 21, 'view_accesslog');
INSERT INTO public.auth_permission VALUES (77, 'Can add access failure', 20, 'add_accessfailurelog');
INSERT INTO public.auth_permission VALUES (78, 'Can change access failure', 20, 'change_accessfailurelog');
INSERT INTO public.auth_permission VALUES (79, 'Can delete access failure', 20, 'delete_accessfailurelog');
INSERT INTO public.auth_permission VALUES (80, 'Can view access failure', 20, 'view_accessfailurelog');
INSERT INTO public.auth_permission VALUES (81, 'Can add access attempt expiration', 19, 'add_accessattemptexpiration');
INSERT INTO public.auth_permission VALUES (82, 'Can change access attempt expiration', 19, 'change_accessattemptexpiration');
INSERT INTO public.auth_permission VALUES (83, 'Can delete access attempt expiration', 19, 'delete_accessattemptexpiration');
INSERT INTO public.auth_permission VALUES (84, 'Can view access attempt expiration', 19, 'view_accessattemptexpiration');
INSERT INTO public.auth_permission VALUES (85, 'Can add payslip download log', 22, 'add_payslipdownloadlog');
INSERT INTO public.auth_permission VALUES (86, 'Can change payslip download log', 22, 'change_payslipdownloadlog');
INSERT INTO public.auth_permission VALUES (87, 'Can delete payslip download log', 22, 'delete_payslipdownloadlog');
INSERT INTO public.auth_permission VALUES (88, 'Can view payslip download log', 22, 'view_payslipdownloadlog');


--
-- Data for Name: auth_user; Type: TABLE DATA; Schema: public; Owner: -
--

INSERT INTO public.auth_user VALUES (2, 'pbkdf2_sha256$1200000$5EKw43qD6w08sR6oXGFaHT$V8Ig8XGpiFkENsNRQaJk/RQj2i4F2BLsEZrhKxUMpWs=', NULL, false, 'henry', '', '', '', false, true, '2026-02-18 01:10:44.028808+00');
INSERT INTO public.auth_user VALUES (1, 'pbkdf2_sha256$1200000$7rDr5EoIjIq80vMc9Sz1Pt$GiZ9GgkOdJYg4U0IZ+m8iDMBmE+HIvG40ybmEA8FewQ=', '2026-02-28 20:26:40.378564+00', true, 'Jabbie', 'Abdulai', 'Jabbie', 'jabbieabdulai582@gmail.com', true, true, '2026-02-17 23:34:10+00');


--
-- Data for Name: auth_user_groups; Type: TABLE DATA; Schema: public; Owner: -
--



--
-- Data for Name: auth_user_user_permissions; Type: TABLE DATA; Schema: public; Owner: -
--



--
-- Data for Name: axes_accessattempt; Type: TABLE DATA; Schema: public; Owner: -
--



--
-- Data for Name: axes_accessattemptexpiration; Type: TABLE DATA; Schema: public; Owner: -
--



--
-- Data for Name: axes_accessfailurelog; Type: TABLE DATA; Schema: public; Owner: -
--



--
-- Data for Name: axes_accesslog; Type: TABLE DATA; Schema: public; Owner: -
--

INSERT INTO public.axes_accesslog VALUES (1, 'Mozilla/5.0 (Windows NT 10.0; Win64; x64) AppleWebKit/537.36 (KHTML, like Gecko) Chrome/145.0.0.0 Safari/537.36 Edg/145.0.0.0', '127.0.0.1', 'Jabbie', 'text/html,application/xhtml+xml,application/xml;q=0.9,image/avif,image/webp,image/apng,*/*;q=0.8,application/signed-exchange;v=b3;q=0.7', '/frontend-admin/login/', '2026-02-24 21:24:44.521966+00', NULL, 'aa2ac2e569a80254586d23a990e39553c14935dd75fb260f29838dbab33bb0dc');
INSERT INTO public.axes_accesslog VALUES (2, 'Mozilla/5.0 (Windows NT 10.0; Win64; x64) AppleWebKit/537.36 (KHTML, like Gecko) Chrome/145.0.0.0 Safari/537.36 Edg/145.0.0.0', '127.0.0.1', 'Jabbie', 'text/html,application/xhtml+xml,application/xml;q=0.9,image/avif,image/webp,image/apng,*/*;q=0.8,application/signed-exchange;v=b3;q=0.7', '/frontend-admin/login/', '2026-02-24 21:26:51.159284+00', NULL, '54741b115ff0d46094330132625ed47119bef41aefd20adaf4111325cb6c076c');
INSERT INTO public.axes_accesslog VALUES (3, 'Mozilla/5.0 (Windows NT 10.0; Win64; x64) AppleWebKit/537.36 (KHTML, like Gecko) Chrome/145.0.0.0 Safari/537.36 Edg/145.0.0.0', '127.0.0.1', 'Jabbie', 'text/html,application/xhtml+xml,application/xml;q=0.9,image/avif,image/webp,image/apng,*/*;q=0.8,application/signed-exchange;v=b3;q=0.7', '/frontend-admin/login/', '2026-02-24 21:29:48.339151+00', '2026-02-24 21:31:59.943209+00', 'b28c8a1dca9e4d042e87e866f4c22a2f6e9687f221034677f8cedccbcae25678');
INSERT INTO public.axes_accesslog VALUES (4, 'Mozilla/5.0 (Windows NT 10.0; Win64; x64) AppleWebKit/537.36 (KHTML, like Gecko) Chrome/145.0.0.0 Safari/537.36 Edg/145.0.0.0', '127.0.0.1', 'Jabbie', 'text/html,application/xhtml+xml,application/xml;q=0.9,image/avif,image/webp,image/apng,*/*;q=0.8,application/signed-exchange;v=b3;q=0.7', '/frontend-admin/login/', '2026-02-24 21:40:39.567297+00', NULL, '1adeaa5171acbbafa2beac41d7f17606fcd66ec2c430e49067c82410d807b374');
INSERT INTO public.axes_accesslog VALUES (5, 'Mozilla/5.0 (Windows NT 10.0; Win64; x64) AppleWebKit/537.36 (KHTML, like Gecko) Chrome/145.0.0.0 Safari/537.36 Edg/145.0.0.0', '127.0.0.1', 'Jabbie', 'text/html,application/xhtml+xml,application/xml;q=0.9,image/avif,image/webp,image/apng,*/*;q=0.8,application/signed-exchange;v=b3;q=0.7', '/frontend-admin/login/', '2026-02-24 22:02:59.1802+00', '2026-02-24 22:04:18.072913+00', '3b65571b3e08c2cfdea12f7eb4a07a5aa6f390b3d42c33fcb47a7f36fb51abc5');
INSERT INTO public.axes_accesslog VALUES (6, 'Mozilla/5.0 (Windows NT 10.0; Win64; x64) AppleWebKit/537.36 (KHTML, like Gecko) Chrome/145.0.0.0 Safari/537.36 Edg/145.0.0.0', '192.168.100.162', 'Jabbie', 'text/html,application/xhtml+xml,application/xml;q=0.9,image/avif,image/webp,image/apng,*/*;q=0.8,application/signed-exchange;v=b3;q=0.7', '/frontend-admin/login/', '2026-02-24 22:25:42.248112+00', '2026-02-24 22:43:26.424267+00', 'c6b775e3f15b2fc2f0abfd18f8bfb2d6e825a377537ecb50588955b148de027f');
INSERT INTO public.axes_accesslog VALUES (7, 'Mozilla/5.0 (Windows NT 10.0; Win64; x64) AppleWebKit/537.36 (KHTML, like Gecko) Chrome/145.0.0.0 Safari/537.36 Edg/145.0.0.0', '192.168.100.162', 'Jabbie', 'text/html,application/xhtml+xml,application/xml;q=0.9,image/avif,image/webp,image/apng,*/*;q=0.8,application/signed-exchange;v=b3;q=0.7', '/frontend-admin/login/', '2026-02-24 22:43:49.075685+00', '2026-02-24 22:44:46.284311+00', '986d65e8647a63a4c6519a655cae3e075f405b60f6c4a414dec4eaca0311675b');
INSERT INTO public.axes_accesslog VALUES (8, 'Mozilla/5.0 (Windows NT 10.0; Win64; x64) AppleWebKit/537.36 (KHTML, like Gecko) Chrome/145.0.0.0 Safari/537.36 Edg/145.0.0.0', '192.168.100.162', 'Jabbie', 'text/html,application/xhtml+xml,application/xml;q=0.9,image/avif,image/webp,image/apng,*/*;q=0.8,application/signed-exchange;v=b3;q=0.7', '/frontend-admin/login/', '2026-02-25 07:11:34.176203+00', '2026-02-25 07:12:03.024513+00', 'c3fa25d08d2aa5b280f7202e2d27b7be9354f06283aabf71e667749adc9e70d5');
INSERT INTO public.axes_accesslog VALUES (9, 'Mozilla/5.0 (Windows NT 10.0; Win64; x64) AppleWebKit/537.36 (KHTML, like Gecko) Chrome/145.0.0.0 Safari/537.36 Edg/145.0.0.0', '127.0.0.1', 'Jabbie', 'text/html,application/xhtml+xml,application/xml;q=0.9,image/avif,image/webp,image/apng,*/*;q=0.8,application/signed-exchange;v=b3;q=0.7', '/frontend-admin/login/', '2026-02-25 08:55:50.647072+00', NULL, '66ef9047445595805462659f49730d55fc9e12144c187ffa5069653b5a85a885');
INSERT INTO public.axes_accesslog VALUES (10, 'Mozilla/5.0 (Windows NT 10.0; Win64; x64) AppleWebKit/537.36 (KHTML, like Gecko) Chrome/145.0.0.0 Safari/537.36 Edg/145.0.0.0', '127.0.0.1', 'Jabbie', 'text/html,application/xhtml+xml,application/xml;q=0.9,image/avif,image/webp,image/apng,*/*;q=0.8,application/signed-exchange;v=b3;q=0.7', '/frontend-admin/login/', '2026-02-25 08:58:54.962423+00', NULL, '56325d94299ac6e22582d11fc1db254def2add7f98390a3eff5b0e22274246b3');
INSERT INTO public.axes_accesslog VALUES (11, 'Mozilla/5.0 (Windows NT 10.0; Win64; x64) AppleWebKit/537.36 (KHTML, like Gecko) Chrome/145.0.0.0 Safari/537.36 Edg/145.0.0.0', '127.0.0.1', 'Jabbie', 'text/html,application/xhtml+xml,application/xml;q=0.9,image/avif,image/webp,image/apng,*/*;q=0.8,application/signed-exchange;v=b3;q=0.7', '/frontend-admin/login/', '2026-02-25 09:02:23.602494+00', NULL, 'ebadd88a4ecc0c265bda8e1c17525334a5defad235ecb3c1fb320f006c40f527');
INSERT INTO public.axes_accesslog VALUES (12, 'Mozilla/5.0 (Windows NT 10.0; Win64; x64) AppleWebKit/537.36 (KHTML, like Gecko) Chrome/145.0.0.0 Safari/537.36 Edg/145.0.0.0', '127.0.0.1', 'Jabbie', 'text/html,application/xhtml+xml,application/xml;q=0.9,image/avif,image/webp,image/apng,*/*;q=0.8,application/signed-exchange;v=b3;q=0.7', '/frontend-admin/login/', '2026-02-25 09:05:14.714316+00', NULL, 'bd635840bd70daf46effd10e8711c55b9803eb49d003d607db7a50f877e0688d');
INSERT INTO public.axes_accesslog VALUES (13, 'Mozilla/5.0 (Windows NT 10.0; Win64; x64) AppleWebKit/537.36 (KHTML, like Gecko) Chrome/145.0.0.0 Safari/537.36 Edg/145.0.0.0', '127.0.0.1', 'Jabbie', 'text/html,application/xhtml+xml,application/xml;q=0.9,image/avif,image/webp,image/apng,*/*;q=0.8,application/signed-exchange;v=b3;q=0.7', '/frontend-admin/login/', '2026-02-25 09:06:36.088091+00', NULL, '1d40e548ed01113c6ecb5a85467a2fde3c2f46e88d20b067894f4b990136321f');
INSERT INTO public.axes_accesslog VALUES (14, 'Mozilla/5.0 (Windows NT 10.0; Win64; x64) AppleWebKit/537.36 (KHTML, like Gecko) Chrome/145.0.0.0 Safari/537.36 Edg/145.0.0.0', '127.0.0.1', 'Jabbie', 'text/html,application/xhtml+xml,application/xml;q=0.9,image/avif,image/webp,image/apng,*/*;q=0.8,application/signed-exchange;v=b3;q=0.7', '/frontend-admin/login/', '2026-02-25 09:17:36.146212+00', NULL, '3ce840e07aa0558ad0f01a08416895ca3834c5138aad1480e42088e24d28164d');
INSERT INTO public.axes_accesslog VALUES (15, 'Mozilla/5.0 (Windows NT 10.0; Win64; x64) AppleWebKit/537.36 (KHTML, like Gecko) Chrome/145.0.0.0 Safari/537.36 Edg/145.0.0.0', '127.0.0.1', 'Jabbie', 'text/html,application/xhtml+xml,application/xml;q=0.9,image/avif,image/webp,image/apng,*/*;q=0.8,application/signed-exchange;v=b3;q=0.7', '/frontend-admin/login/', '2026-02-25 11:59:01.217237+00', NULL, '29de8839ca2787a441fc1fc9b272cf94c9420c24c05f4b33bcb2c15ad9873aab');
INSERT INTO public.axes_accesslog VALUES (16, 'Mozilla/5.0 (Windows NT 10.0; Win64; x64) AppleWebKit/537.36 (KHTML, like Gecko) Chrome/145.0.0.0 Safari/537.36 Edg/145.0.0.0', '127.0.0.1', 'Jabbie', 'text/html,application/xhtml+xml,application/xml;q=0.9,image/avif,image/webp,image/apng,*/*;q=0.8,application/signed-exchange;v=b3;q=0.7', '/frontend-admin/login/', '2026-02-25 12:03:42.508657+00', NULL, '47497379529d19bdda5ee696445e9b8fa773240d60b60d672c1689f833b226ea');
INSERT INTO public.axes_accesslog VALUES (17, 'Mozilla/5.0 (Windows NT 10.0; Win64; x64) AppleWebKit/537.36 (KHTML, like Gecko) Chrome/145.0.0.0 Safari/537.36 Edg/145.0.0.0', '127.0.0.1', 'Jabbie', 'text/html,application/xhtml+xml,application/xml;q=0.9,image/avif,image/webp,image/apng,*/*;q=0.8,application/signed-exchange;v=b3;q=0.7', '/frontend-admin/login/', '2026-02-25 12:07:41.499159+00', NULL, 'c9f5a04b132bfcb2c44a6bf82601a4da63640feb887e4d9113d87d91e9c96878');
INSERT INTO public.axes_accesslog VALUES (18, 'Mozilla/5.0 (Windows NT 10.0; Win64; x64) AppleWebKit/537.36 (KHTML, like Gecko) Chrome/145.0.0.0 Safari/537.36 Edg/145.0.0.0', '127.0.0.1', 'Jabbie', 'text/html,application/xhtml+xml,application/xml;q=0.9,image/avif,image/webp,image/apng,*/*;q=0.8,application/signed-exchange;v=b3;q=0.7', '/frontend-admin/login/', '2026-02-25 12:30:27.85246+00', NULL, '831d775266e95c8acb3c91fcae828c53fed33474e1751319ecc107184c4ad028');
INSERT INTO public.axes_accesslog VALUES (19, 'Mozilla/5.0 (Windows NT 10.0; Win64; x64) AppleWebKit/537.36 (KHTML, like Gecko) Chrome/145.0.0.0 Safari/537.36 Edg/145.0.0.0', '127.0.0.1', 'Jabbie', 'text/html,application/xhtml+xml,application/xml;q=0.9,image/avif,image/webp,image/apng,*/*;q=0.8,application/signed-exchange;v=b3;q=0.7', '/frontend-admin/login/', '2026-02-25 12:58:53.30775+00', NULL, 'cdcd715f9d841bf60d9164510855ca9dd2b5e6ec928dbb08924c1ae1590c1ab0');
INSERT INTO public.axes_accesslog VALUES (20, 'Mozilla/5.0 (Windows NT 10.0; Win64; x64) AppleWebKit/537.36 (KHTML, like Gecko) Chrome/145.0.0.0 Safari/537.36 Edg/145.0.0.0', '127.0.0.1', 'Jabbie', 'text/html,application/xhtml+xml,application/xml;q=0.9,image/avif,image/webp,image/apng,*/*;q=0.8,application/signed-exchange;v=b3;q=0.7', '/frontend-admin/login/', '2026-02-25 13:17:59.317973+00', NULL, '14245ad2a3ad55c0c4ca6773729b2edaba917e61140b9da4a539c0e9b7490132');
INSERT INTO public.axes_accesslog VALUES (21, 'Mozilla/5.0 (Windows NT 10.0; Win64; x64) AppleWebKit/537.36 (KHTML, like Gecko) Chrome/145.0.0.0 Safari/537.36 Edg/145.0.0.0', '127.0.0.1', 'Jabbie', 'text/html,application/xhtml+xml,application/xml;q=0.9,image/avif,image/webp,image/apng,*/*;q=0.8,application/signed-exchange;v=b3;q=0.7', '/frontend-admin/login/', '2026-02-25 14:14:21.62081+00', NULL, '50944f4db426f3ce3a6a29f3d8a1d6469961b10de12943ae06c9d4ac2e995e42');
INSERT INTO public.axes_accesslog VALUES (22, 'Mozilla/5.0 (Windows NT 10.0; Win64; x64) AppleWebKit/537.36 (KHTML, like Gecko) Chrome/145.0.0.0 Safari/537.36 Edg/145.0.0.0', '127.0.0.1', 'Jabbie', 'text/html,application/xhtml+xml,application/xml;q=0.9,image/avif,image/webp,image/apng,*/*;q=0.8,application/signed-exchange;v=b3;q=0.7', '/admin/login/', '2026-02-25 15:37:44.782103+00', '2026-02-25 15:48:26.564429+00', '1be6960e6e2162aac507947f0bbdabb6e8db3222ce7003171e261f5e31f554c6');
INSERT INTO public.axes_accesslog VALUES (23, 'Mozilla/5.0 (Windows NT 10.0; Win64; x64) AppleWebKit/537.36 (KHTML, like Gecko) Chrome/145.0.0.0 Safari/537.36 Edg/145.0.0.0', '127.0.0.1', 'Jabbie', 'text/html,application/xhtml+xml,application/xml;q=0.9,image/avif,image/webp,image/apng,*/*;q=0.8,application/signed-exchange;v=b3;q=0.7', '/admin/login/', '2026-02-25 15:48:34.760758+00', '2026-02-25 15:49:14.969695+00', '7478a7321563685fa9e4185377228957d563aa0714415935347dbcd4736af083');
INSERT INTO public.axes_accesslog VALUES (24, 'Mozilla/5.0 (Windows NT 10.0; Win64; x64) AppleWebKit/537.36 (KHTML, like Gecko) Chrome/145.0.0.0 Safari/537.36 Edg/145.0.0.0', '127.0.0.1', 'Jabbie', 'text/html,application/xhtml+xml,application/xml;q=0.9,image/avif,image/webp,image/apng,*/*;q=0.8,application/signed-exchange;v=b3;q=0.7', '/frontend-admin/login/', '2026-02-25 15:49:50.490631+00', '2026-02-25 15:50:31.097634+00', '8f7dc9e68b9a1de486421fbf1b4bef9e9d0907f03fd94d23aa35a4a13c46c4e0');
INSERT INTO public.axes_accesslog VALUES (25, 'Mozilla/5.0 (Windows NT 10.0; Win64; x64) AppleWebKit/537.36 (KHTML, like Gecko) Chrome/145.0.0.0 Safari/537.36 Edg/145.0.0.0', '127.0.0.1', 'Jabbie', 'text/html,application/xhtml+xml,application/xml;q=0.9,image/avif,image/webp,image/apng,*/*;q=0.8,application/signed-exchange;v=b3;q=0.7', '/frontend-admin/login/', '2026-02-25 15:59:17.265939+00', '2026-02-25 16:03:07.6899+00', 'f5f91741a0ef30e618d0a4acfb4ce745ab3415bc2488109458a3b59b97f196a1');
INSERT INTO public.axes_accesslog VALUES (26, 'Mozilla/5.0 (Windows NT 10.0; Win64; x64) AppleWebKit/537.36 (KHTML, like Gecko) Chrome/145.0.0.0 Safari/537.36 Edg/145.0.0.0', '127.0.0.1', 'Jabbie', 'text/html,application/xhtml+xml,application/xml;q=0.9,image/avif,image/webp,image/apng,*/*;q=0.8,application/signed-exchange;v=b3;q=0.7', '/frontend-admin/login/', '2026-02-25 16:03:38.216405+00', '2026-02-25 16:04:05.457608+00', '9a08a82e905b613a27fc7cf7384d780eb0b09bda23be28237cd2888cee6ca353');
INSERT INTO public.axes_accesslog VALUES (27, 'Mozilla/5.0 (Windows NT 10.0; Win64; x64) AppleWebKit/537.36 (KHTML, like Gecko) Chrome/145.0.0.0 Safari/537.36 Edg/145.0.0.0', '127.0.0.1', 'Jabbie', 'text/html,application/xhtml+xml,application/xml;q=0.9,image/avif,image/webp,image/apng,*/*;q=0.8,application/signed-exchange;v=b3;q=0.7', '/frontend-admin/login/', '2026-02-26 10:28:43.126542+00', '2026-02-26 11:09:15.939808+00', '01e77d2dfe93dbddb97c02b7a0c4ea5834569522d5be2d546bd44dc819d1ac5d');
INSERT INTO public.axes_accesslog VALUES (28, 'Mozilla/5.0 (Windows NT 10.0; Win64; x64) AppleWebKit/537.36 (KHTML, like Gecko) Chrome/145.0.0.0 Safari/537.36 Edg/145.0.0.0', '127.0.0.1', 'Jabbie', 'text/html,application/xhtml+xml,application/xml;q=0.9,image/avif,image/webp,image/apng,*/*;q=0.8,application/signed-exchange;v=b3;q=0.7', '/frontend-admin/login/', '2026-02-26 11:00:21.75937+00', '2026-02-26 11:09:15.939808+00', '01e77d2dfe93dbddb97c02b7a0c4ea5834569522d5be2d546bd44dc819d1ac5d');
INSERT INTO public.axes_accesslog VALUES (29, 'Mozilla/5.0 (Windows NT 10.0; Win64; x64) AppleWebKit/537.36 (KHTML, like Gecko) Chrome/145.0.0.0 Safari/537.36 Edg/145.0.0.0', '127.0.0.1', 'Jabbie', 'text/html,application/xhtml+xml,application/xml;q=0.9,image/avif,image/webp,image/apng,*/*;q=0.8,application/signed-exchange;v=b3;q=0.7', '/frontend-admin/login/', '2026-02-26 11:09:46.518404+00', '2026-02-26 11:16:17.875247+00', '0f609febbbcd7e0a97201a6f2dd8329144cd2f7fdb82ab525dc6521b79c94b85');
INSERT INTO public.axes_accesslog VALUES (30, 'Mozilla/5.0 (Windows NT 10.0; Win64; x64) AppleWebKit/537.36 (KHTML, like Gecko) Chrome/145.0.0.0 Safari/537.36 Edg/145.0.0.0', '127.0.0.1', 'Jabbie', 'text/html,application/xhtml+xml,application/xml;q=0.9,image/avif,image/webp,image/apng,*/*;q=0.8,application/signed-exchange;v=b3;q=0.7', '/admin/login/', '2026-02-26 11:16:24.096931+00', NULL, '65aa79c073ce7b151bf9dfab9864f9eac094b7122fc702b698da02bd815deabf');
INSERT INTO public.axes_accesslog VALUES (31, 'Mozilla/5.0 (Windows NT 10.0; Win64; x64) AppleWebKit/537.36 (KHTML, like Gecko) Chrome/145.0.0.0 Safari/537.36 Edg/145.0.0.0', '127.0.0.1', 'Jabbie', 'text/html,application/xhtml+xml,application/xml;q=0.9,image/avif,image/webp,image/apng,*/*;q=0.8,application/signed-exchange;v=b3;q=0.7', '/frontend-admin/login/', '2026-02-26 11:17:39.126785+00', NULL, '65aa79c073ce7b151bf9dfab9864f9eac094b7122fc702b698da02bd815deabf');
INSERT INTO public.axes_accesslog VALUES (32, 'Mozilla/5.0 (Windows NT 10.0; Win64; x64) AppleWebKit/537.36 (KHTML, like Gecko) Chrome/145.0.0.0 Safari/537.36 Edg/145.0.0.0', '10.27.10.122', 'Jabbie', 'text/html,application/xhtml+xml,application/xml;q=0.9,image/avif,image/webp,image/apng,*/*;q=0.8,application/signed-exchange;v=b3;q=0.7', '/frontend-admin/login/', '2026-02-26 11:40:26.221681+00', '2026-02-26 14:50:21.983603+00', '51f78458172c13d188d5ac62c6492e3fc9dcf68d116630fdbff41d4295aabf23');
INSERT INTO public.axes_accesslog VALUES (33, 'Mozilla/5.0 (iPhone; CPU iPhone OS 18_7 like Mac OS X) AppleWebKit/605.1.15 (KHTML, like Gecko) Version/26.2 Mobile/15E148 Safari/604.1', '10.27.10.73', 'Jabbie', 'text/html,application/xhtml+xml,application/xml;q=0.9,*/*;q=0.8', '/frontend-admin/login/', '2026-02-26 14:51:56.117661+00', '2026-02-26 14:57:39.307562+00', 'b1e04816ac21bf656fedc80f330cab7b5845d5f481939ad02c6259de1ecef86c');
INSERT INTO public.axes_accesslog VALUES (34, 'Mozilla/5.0 (Windows NT 10.0; Win64; x64) AppleWebKit/537.36 (KHTML, like Gecko) Chrome/145.0.0.0 Safari/537.36 Edg/145.0.0.0', '10.27.10.122', 'Jabbie', 'text/html,application/xhtml+xml,application/xml;q=0.9,image/avif,image/webp,image/apng,*/*;q=0.8,application/signed-exchange;v=b3;q=0.7', '/frontend-admin/login/', '2026-02-26 14:58:10.184425+00', NULL, '521ac93b05c7f153d940e6d4c290d18b8b8256448fad7b81707e07c48192b8cd');
INSERT INTO public.axes_accesslog VALUES (35, 'Mozilla/5.0 (Windows NT 10.0; Win64; x64) AppleWebKit/537.36 (KHTML, like Gecko) Chrome/145.0.0.0 Safari/537.36 Edg/145.0.0.0', '127.0.0.1', 'Jabbie', 'text/html,application/xhtml+xml,application/xml;q=0.9,image/avif,image/webp,image/apng,*/*;q=0.8,application/signed-exchange;v=b3;q=0.7', '/frontend-admin/login/', '2026-02-26 18:57:57.627475+00', NULL, 'f7a82f37b909a5d2b00ec75fba41eae9808145eccb165141f3277e9f06b6c9e4');
INSERT INTO public.axes_accesslog VALUES (36, 'Mozilla/5.0 (Windows NT 10.0; Win64; x64) AppleWebKit/537.36 (KHTML, like Gecko) Chrome/145.0.0.0 Safari/537.36 Edg/145.0.0.0', '127.0.0.1', 'Jabbie', 'text/html,application/xhtml+xml,application/xml;q=0.9,image/avif,image/webp,image/apng,*/*;q=0.8,application/signed-exchange;v=b3;q=0.7', '/frontend-admin/login/', '2026-02-26 20:38:08.228866+00', NULL, '1f3861a8e0d6f06026bc1d3a144ef28b5d9d0d80f194b99d9965341674ff23d2');
INSERT INTO public.axes_accesslog VALUES (37, 'Mozilla/5.0 (Windows NT 10.0; Win64; x64) AppleWebKit/537.36 (KHTML, like Gecko) Chrome/145.0.0.0 Safari/537.36 Edg/145.0.0.0', '127.0.0.1', 'Jabbie', 'text/html,application/xhtml+xml,application/xml;q=0.9,image/avif,image/webp,image/apng,*/*;q=0.8,application/signed-exchange;v=b3;q=0.7', '/frontend-admin/login/', '2026-02-27 12:57:50.233059+00', '2026-02-27 13:28:43.32661+00', 'a1c7e77a2e4d2eafa1a8ceb7ea21e5238e14e2b6a21f15dedb5b8f565a342136');
INSERT INTO public.axes_accesslog VALUES (38, 'Mozilla/5.0 (Windows NT 10.0; Win64; x64) AppleWebKit/537.36 (KHTML, like Gecko) Chrome/145.0.0.0 Safari/537.36 Edg/145.0.0.0', '127.0.0.1', 'Jabbie', 'text/html,application/xhtml+xml,application/xml;q=0.9,image/avif,image/webp,image/apng,*/*;q=0.8,application/signed-exchange;v=b3;q=0.7', '/frontend-admin/login/', '2026-02-27 13:30:08.411111+00', NULL, '8f074deed5f2285afd6f9f08b2679f3788e9c317d22aec3ac5808dcbc9e5a5c6');
INSERT INTO public.axes_accesslog VALUES (39, 'Mozilla/5.0 (Windows NT 10.0; Win64; x64) AppleWebKit/537.36 (KHTML, like Gecko) Chrome/145.0.0.0 Safari/537.36 Edg/145.0.0.0', '127.0.0.1', 'Jabbie', 'text/html,application/xhtml+xml,application/xml;q=0.9,image/avif,image/webp,image/apng,*/*;q=0.8,application/signed-exchange;v=b3;q=0.7', '/frontend-admin/login/', '2026-02-28 00:49:24.833261+00', '2026-02-28 00:50:20.107085+00', '72ba1262dd118e79895408c0f60bfe0a90e3c514b227b23c9f575bafdf537a8f');
INSERT INTO public.axes_accesslog VALUES (40, 'Mozilla/5.0 (Windows NT 10.0; Win64; x64) AppleWebKit/537.36 (KHTML, like Gecko) Chrome/145.0.0.0 Safari/537.36 Edg/145.0.0.0', '127.0.0.1', 'Jabbie', 'text/html,application/xhtml+xml,application/xml;q=0.9,image/avif,image/webp,image/apng,*/*;q=0.8,application/signed-exchange;v=b3;q=0.7', '/frontend-admin/login/', '2026-02-28 00:51:13.267743+00', '2026-02-28 01:04:32.227076+00', '5b348383919cf35dd20357ce57fc15a4ad0e7ff47f1d23c3215e635b54bd5777');
INSERT INTO public.axes_accesslog VALUES (41, 'Mozilla/5.0 (Windows NT 10.0; Win64; x64) AppleWebKit/537.36 (KHTML, like Gecko) Chrome/145.0.0.0 Safari/537.36 Edg/145.0.0.0', '192.168.100.162', 'Jabbie', 'text/html,application/xhtml+xml,application/xml;q=0.9,image/avif,image/webp,image/apng,*/*;q=0.8,application/signed-exchange;v=b3;q=0.7', '/frontend-admin/login/', '2026-02-28 01:53:50.404613+00', '2026-02-28 01:55:25.728858+00', '1be6eda4a557aecc1be8df03481a5cee155bedd5ad1b90703078a6698dc402a3');
INSERT INTO public.axes_accesslog VALUES (42, 'Mozilla/5.0 (Windows NT 10.0; Win64; x64) AppleWebKit/537.36 (KHTML, like Gecko) Chrome/145.0.0.0 Safari/537.36 Edg/145.0.0.0', '192.168.100.162', 'Jabbie', 'text/html,application/xhtml+xml,application/xml;q=0.9,image/avif,image/webp,image/apng,*/*;q=0.8,application/signed-exchange;v=b3;q=0.7', '/frontend-admin/login/', '2026-02-28 11:56:30.414483+00', NULL, '857ee3d0cd7712218d37ee352c3f86fbc0f74933a50e067c4b673c26f39ba144');
INSERT INTO public.axes_accesslog VALUES (43, 'Mozilla/5.0 (Windows NT 10.0; Win64; x64) AppleWebKit/537.36 (KHTML, like Gecko) Chrome/145.0.0.0 Safari/537.36 Edg/145.0.0.0', '192.168.100.162', 'Jabbie', 'text/html,application/xhtml+xml,application/xml;q=0.9,image/avif,image/webp,image/apng,*/*;q=0.8,application/signed-exchange;v=b3;q=0.7', '/frontend-admin/login/', '2026-02-28 12:51:24.230919+00', '2026-02-28 13:12:35.27468+00', '4f2e0abafd5c63d392636147ea763c0b3fc78b3206b674076fc35cf6c44bb276');
INSERT INTO public.axes_accesslog VALUES (44, 'Mozilla/5.0 (Windows NT 10.0; Win64; x64) AppleWebKit/537.36 (KHTML, like Gecko) Chrome/145.0.0.0 Safari/537.36 Edg/145.0.0.0', '192.168.100.162', 'Jabbie', 'text/html,application/xhtml+xml,application/xml;q=0.9,image/avif,image/webp,image/apng,*/*;q=0.8,application/signed-exchange;v=b3;q=0.7', '/frontend-admin/login/', '2026-02-28 13:14:21.036294+00', '2026-02-28 13:16:00.205213+00', 'dfe778b8f5ae72bc2f42001eb8553ecc0d052c28ab10880a8f0acc778fc70bff');
INSERT INTO public.axes_accesslog VALUES (45, 'Mozilla/5.0 (Windows NT 10.0; Win64; x64) AppleWebKit/537.36 (KHTML, like Gecko) Chrome/145.0.0.0 Safari/537.36 Edg/145.0.0.0', '127.0.0.1', 'Jabbie', 'text/html,application/xhtml+xml,application/xml;q=0.9,image/avif,image/webp,image/apng,*/*;q=0.8,application/signed-exchange;v=b3;q=0.7', '/frontend-admin/login/', '2026-02-28 18:46:10.441938+00', '2026-02-28 18:46:51.17396+00', 'f5b6beb69adae636718a9d067b01a626c38c2c3fc4dc2d172f4f86be5d1dd559');
INSERT INTO public.axes_accesslog VALUES (46, 'Mozilla/5.0 (Windows NT 10.0; Win64; x64) AppleWebKit/537.36 (KHTML, like Gecko) Chrome/145.0.0.0 Safari/537.36 Edg/145.0.0.0', '192.168.100.162', 'Jabbie', 'text/html,application/xhtml+xml,application/xml;q=0.9,image/avif,image/webp,image/apng,*/*;q=0.8,application/signed-exchange;v=b3;q=0.7', '/frontend-admin/login/', '2026-02-28 20:26:40.338468+00', '2026-02-28 20:27:41.010214+00', 'c438809cc3ffa2d76bbc05a33a82b81e382694f5868f0556faf7a3b8eb33a781');


--
-- Data for Name: django_admin_log; Type: TABLE DATA; Schema: public; Owner: -
--

INSERT INTO public.django_admin_log VALUES (1, '2026-02-18 01:10:47.149713+00', '2', 'henry', 1, '[{"added": {}}]', 4, 1);
INSERT INTO public.django_admin_log VALUES (2, '2026-02-18 01:26:11.851403+00', '1', 'Jabbie', 2, '[{"changed": {"fields": ["First name", "Last name"]}}]', 4, 1);
INSERT INTO public.django_admin_log VALUES (3, '2026-02-18 01:28:25.077893+00', '1', 'Abdulai Jabbie (Jabbie)', 1, '[{"added": {}}]', 7, 1);
INSERT INTO public.django_admin_log VALUES (4, '2026-02-22 21:27:05.24823+00', '1', '2002 - Alhaji Kamara (January 2026)', 1, '[{"added": {}}]', 14, 1);
INSERT INTO public.django_admin_log VALUES (5, '2026-02-22 21:32:18.725489+00', '2', '1 - Alhaji Kamara (January 2026)', 1, '[{"added": {}}]', 14, 1);
INSERT INTO public.django_admin_log VALUES (6, '2026-02-22 21:36:17.896534+00', '3', '2 - Alhaji Kamara (January 2026)', 1, '[{"added": {}}]', 14, 1);
INSERT INTO public.django_admin_log VALUES (7, '2026-02-22 21:39:16.856066+00', '4', '3 - Alhaji Kamara (January 2026)', 1, '[{"added": {}}]', 14, 1);
INSERT INTO public.django_admin_log VALUES (8, '2026-02-22 21:42:48.476499+00', '5', '3 - Alhaji Kamara (January 2026)', 1, '[{"added": {}}]', 14, 1);
INSERT INTO public.django_admin_log VALUES (9, '2026-02-22 21:44:31.000219+00', '6', '3 - Alhaji Kamara (January 2026)', 1, '[{"added": {}}]', 14, 1);
INSERT INTO public.django_admin_log VALUES (10, '2026-02-22 21:55:13.066675+00', '7', '3 - Alhaji Kamara (January 2026)', 1, '[{"added": {}}]', 14, 1);
INSERT INTO public.django_admin_log VALUES (11, '2026-02-22 22:24:38.896264+00', '1', 'Jabbie', 2, '[]', 4, 1);
INSERT INTO public.django_admin_log VALUES (12, '2026-02-23 10:13:33.07291+00', '8', '3 - Henrison Moseray (January 2026)', 1, '[{"added": {}}]', 14, 1);
INSERT INTO public.django_admin_log VALUES (13, '2026-02-23 12:45:15.103641+00', '9', '3 - Henrison Moseray (January 2026)', 1, '[{"added": {}}]', 14, 1);
INSERT INTO public.django_admin_log VALUES (14, '2026-02-23 13:01:06.915734+00', '10', '1 - Henrison Moseray (January 2026)', 1, '[{"added": {}}]', 14, 1);
INSERT INTO public.django_admin_log VALUES (15, '2026-02-26 13:31:50.794619+00', '1', 'PayrollData object (1)', 1, '[{"added": {}}]', 14, 1);


--
-- Data for Name: django_content_type; Type: TABLE DATA; Schema: public; Owner: -
--

INSERT INTO public.django_content_type VALUES (1, 'admin', 'logentry');
INSERT INTO public.django_content_type VALUES (2, 'auth', 'group');
INSERT INTO public.django_content_type VALUES (3, 'auth', 'permission');
INSERT INTO public.django_content_type VALUES (4, 'auth', 'user');
INSERT INTO public.django_content_type VALUES (5, 'contenttypes', 'contenttype');
INSERT INTO public.django_content_type VALUES (6, 'sessions', 'session');
INSERT INTO public.django_content_type VALUES (7, 'otp_totp', 'totpdevice');
INSERT INTO public.django_content_type VALUES (8, 'otp_static', 'staticdevice');
INSERT INTO public.django_content_type VALUES (9, 'otp_static', 'statictoken');
INSERT INTO public.django_content_type VALUES (10, 'payslip_app', 'auditlog');
INSERT INTO public.django_content_type VALUES (11, 'payslip_app', 'payslipfile');
INSERT INTO public.django_content_type VALUES (12, 'payslip_app', 'paysliprequest');
INSERT INTO public.django_content_type VALUES (13, 'payslip_app', 'payslipretrievallog');
INSERT INTO public.django_content_type VALUES (14, 'payslip_app', 'payrolldata');
INSERT INTO public.django_content_type VALUES (15, 'payslip_app', 'notificationlog');
INSERT INTO public.django_content_type VALUES (16, 'payslip_app', 'employeepayslip');
INSERT INTO public.django_content_type VALUES (17, 'payslip_app', 'adminauditlog');
INSERT INTO public.django_content_type VALUES (18, 'axes', 'accessattempt');
INSERT INTO public.django_content_type VALUES (19, 'axes', 'accessattemptexpiration');
INSERT INTO public.django_content_type VALUES (20, 'axes', 'accessfailurelog');
INSERT INTO public.django_content_type VALUES (21, 'axes', 'accesslog');
INSERT INTO public.django_content_type VALUES (22, 'payslip_app', 'payslipdownloadlog');


--
-- Data for Name: django_migrations; Type: TABLE DATA; Schema: public; Owner: -
--

INSERT INTO public.django_migrations VALUES (1, 'contenttypes', '0001_initial', '2026-02-17 23:32:33.327191+00');
INSERT INTO public.django_migrations VALUES (2, 'auth', '0001_initial', '2026-02-17 23:32:33.575857+00');
INSERT INTO public.django_migrations VALUES (3, 'admin', '0001_initial', '2026-02-17 23:32:33.635183+00');
INSERT INTO public.django_migrations VALUES (4, 'admin', '0002_logentry_remove_auto_add', '2026-02-17 23:32:33.648903+00');
INSERT INTO public.django_migrations VALUES (5, 'admin', '0003_logentry_add_action_flag_choices', '2026-02-17 23:32:33.659782+00');
INSERT INTO public.django_migrations VALUES (6, 'contenttypes', '0002_remove_content_type_name', '2026-02-17 23:32:33.683117+00');
INSERT INTO public.django_migrations VALUES (7, 'auth', '0002_alter_permission_name_max_length', '2026-02-17 23:32:33.697175+00');
INSERT INTO public.django_migrations VALUES (8, 'auth', '0003_alter_user_email_max_length', '2026-02-17 23:32:33.714975+00');
INSERT INTO public.django_migrations VALUES (9, 'auth', '0004_alter_user_username_opts', '2026-02-17 23:32:33.726516+00');
INSERT INTO public.django_migrations VALUES (10, 'auth', '0005_alter_user_last_login_null', '2026-02-17 23:32:33.737166+00');
INSERT INTO public.django_migrations VALUES (11, 'auth', '0006_require_contenttypes_0002', '2026-02-17 23:32:33.740798+00');
INSERT INTO public.django_migrations VALUES (12, 'auth', '0007_alter_validators_add_error_messages', '2026-02-17 23:32:33.751494+00');
INSERT INTO public.django_migrations VALUES (13, 'auth', '0008_alter_user_username_max_length', '2026-02-17 23:32:33.800351+00');
INSERT INTO public.django_migrations VALUES (14, 'auth', '0009_alter_user_last_name_max_length', '2026-02-17 23:32:33.812018+00');
INSERT INTO public.django_migrations VALUES (15, 'auth', '0010_alter_group_name_max_length', '2026-02-17 23:32:33.825743+00');
INSERT INTO public.django_migrations VALUES (16, 'auth', '0011_update_proxy_permissions', '2026-02-17 23:32:33.842346+00');
INSERT INTO public.django_migrations VALUES (17, 'auth', '0012_alter_user_first_name_max_length', '2026-02-17 23:32:33.872925+00');
INSERT INTO public.django_migrations VALUES (18, 'otp_static', '0001_initial', '2026-02-17 23:32:33.952255+00');
INSERT INTO public.django_migrations VALUES (19, 'otp_static', '0002_throttling', '2026-02-17 23:32:33.98256+00');
INSERT INTO public.django_migrations VALUES (20, 'otp_static', '0003_add_timestamps', '2026-02-17 23:32:34.013709+00');
INSERT INTO public.django_migrations VALUES (21, 'otp_totp', '0001_initial', '2026-02-17 23:32:34.037931+00');
INSERT INTO public.django_migrations VALUES (22, 'otp_totp', '0002_auto_20190420_0723', '2026-02-17 23:32:34.085876+00');
INSERT INTO public.django_migrations VALUES (23, 'otp_totp', '0003_add_timestamps', '2026-02-17 23:32:34.10958+00');
INSERT INTO public.django_migrations VALUES (25, 'payslip_app', '0002_alter_paysliprequest_email_and_more', '2026-02-17 23:32:34.156726+00');
INSERT INTO public.django_migrations VALUES (26, 'payslip_app', '0003_auditlog', '2026-02-17 23:32:34.192812+00');
INSERT INTO public.django_migrations VALUES (27, 'payslip_app', '0004_paysliprequest_reason_alter_paysliprequest_email_and_more', '2026-02-17 23:32:34.237295+00');
INSERT INTO public.django_migrations VALUES (28, 'payslip_app', '0005_remove_paysliprequest_month_and_more', '2026-02-17 23:32:34.312393+00');
INSERT INTO public.django_migrations VALUES (29, 'payslip_app', '0006_fix_months_field', '2026-02-17 23:32:34.332231+00');
INSERT INTO public.django_migrations VALUES (30, 'payslip_app', '0007_fix_months_field', '2026-02-17 23:32:34.35069+00');
INSERT INTO public.django_migrations VALUES (31, 'payslip_app', '0008_paysliprequest_created_at_and_more', '2026-02-17 23:32:34.433263+00');
INSERT INTO public.django_migrations VALUES (32, 'payslip_app', '0009_alter_paysliprequest_employee_number_and_more', '2026-02-17 23:32:34.497406+00');
INSERT INTO public.django_migrations VALUES (33, 'payslip_app', '0010_fix_months_json', '2026-02-17 23:32:34.518548+00');
INSERT INTO public.django_migrations VALUES (34, 'payslip_app', '0011_payslipfile_uploaded_at_alter_paysliprequest_email', '2026-02-17 23:32:34.531479+00');
INSERT INTO public.django_migrations VALUES (35, 'payslip_app', '0012_alter_paysliprequest_email', '2026-02-17 23:32:34.539359+00');
INSERT INTO public.django_migrations VALUES (36, 'sessions', '0001_initial', '2026-02-17 23:32:34.559232+00');
INSERT INTO public.django_migrations VALUES (37, 'two_factor', '0001_initial', '2026-02-17 23:32:34.56086+00');
INSERT INTO public.django_migrations VALUES (38, 'two_factor', '0002_auto_20150110_0810', '2026-02-17 23:32:34.561752+00');
INSERT INTO public.django_migrations VALUES (39, 'two_factor', '0003_auto_20150817_1733', '2026-02-17 23:32:34.562461+00');
INSERT INTO public.django_migrations VALUES (40, 'two_factor', '0004_auto_20160205_1827', '2026-02-17 23:32:34.563868+00');
INSERT INTO public.django_migrations VALUES (41, 'two_factor', '0005_auto_20160224_0450', '2026-02-17 23:32:34.565026+00');
INSERT INTO public.django_migrations VALUES (42, 'two_factor', '0006_phonedevice_key_default', '2026-02-17 23:32:34.565958+00');
INSERT INTO public.django_migrations VALUES (43, 'two_factor', '0007_auto_20201201_1019', '2026-02-17 23:32:34.566848+00');
INSERT INTO public.django_migrations VALUES (44, 'two_factor', '0008_delete_phonedevice', '2026-02-17 23:32:34.567463+00');
INSERT INTO public.django_migrations VALUES (45, 'two_factor', '0001_squashed_0008_delete_phonedevice', '2026-02-17 23:32:34.567966+00');
INSERT INTO public.django_migrations VALUES (46, 'payslip_app', '0013_payslipretrievallog_alter_paysliprequest_status', '2026-02-20 00:16:23.736442+00');
INSERT INTO public.django_migrations VALUES (47, 'payslip_app', '0014_remove_payslipretrievallog_nin_and_more', '2026-02-20 00:50:27.4126+00');
INSERT INTO public.django_migrations VALUES (48, 'payslip_app', '0015_payrolldata', '2026-02-20 15:07:40.955592+00');
INSERT INTO public.django_migrations VALUES (49, 'payslip_app', '0016_rename_is_notified_payrolldata_notified_and_more', '2026-02-20 17:19:50.782581+00');
INSERT INTO public.django_migrations VALUES (50, 'payslip_app', '0017_notificationlog_remove_payrolldata_department_and_more', '2026-02-20 17:38:36.051059+00');
INSERT INTO public.django_migrations VALUES (51, 'payslip_app', '0018_payrolldata_dob_payrolldata_pin_code', '2026-02-20 23:27:16.098364+00');
INSERT INTO public.django_migrations VALUES (52, 'payslip_app', '0019_employeepayslip', '2026-02-21 01:22:42.905338+00');
INSERT INTO public.django_migrations VALUES (53, 'payslip_app', '0020_alter_employeepayslip_options', '2026-02-21 03:20:33.817135+00');
INSERT INTO public.django_migrations VALUES (59, 'payslip_app', '0007_alter_payslipretrievallog_nin', '2026-02-24 15:10:05.868918+00');
INSERT INTO public.django_migrations VALUES (60, 'payslip_app', '0008_remove_payslipretrievallog_nin', '2026-02-24 15:43:58.886811+00');
INSERT INTO public.django_migrations VALUES (61, 'axes', '0001_initial', '2026-02-24 21:23:32.157346+00');
INSERT INTO public.django_migrations VALUES (62, 'axes', '0002_auto_20151217_2044', '2026-02-24 21:23:32.868527+00');
INSERT INTO public.django_migrations VALUES (63, 'axes', '0003_auto_20160322_0929', '2026-02-24 21:23:32.886248+00');
INSERT INTO public.django_migrations VALUES (64, 'axes', '0004_auto_20181024_1538', '2026-02-24 21:23:32.910938+00');
INSERT INTO public.django_migrations VALUES (65, 'axes', '0005_remove_accessattempt_trusted', '2026-02-24 21:23:33.139011+00');
INSERT INTO public.django_migrations VALUES (66, 'axes', '0006_remove_accesslog_trusted', '2026-02-24 21:23:33.159069+00');
INSERT INTO public.django_migrations VALUES (67, 'axes', '0007_alter_accessattempt_unique_together', '2026-02-24 21:23:33.510591+00');
INSERT INTO public.django_migrations VALUES (68, 'axes', '0008_accessfailurelog', '2026-02-24 21:23:33.622184+00');
INSERT INTO public.django_migrations VALUES (69, 'axes', '0009_add_session_hash', '2026-02-24 21:23:33.883214+00');
INSERT INTO public.django_migrations VALUES (70, 'axes', '0010_accessattemptexpiration', '2026-02-24 21:23:34.139217+00');
INSERT INTO public.django_migrations VALUES (72, 'payslip_app', '0002_alter_adminauditlog_options_and_more', '2026-02-25 11:51:05.286797+00');
INSERT INTO public.django_migrations VALUES (73, 'payslip_app', '0002_alter_adminauditlog_options', '2026-02-25 12:03:06.239902+00');
INSERT INTO public.django_migrations VALUES (74, 'payslip_app', '0001_initial', '2026-02-25 13:15:36.408225+00');
INSERT INTO public.django_migrations VALUES (75, 'payslip_app', '0002_payslipdownloadlog', '2026-02-28 12:48:44.035765+00');


--
-- Data for Name: django_session; Type: TABLE DATA; Schema: public; Owner: -
--

INSERT INTO public.django_session VALUES ('ik2ug1uiaossr7dhbgukwpphe6gozdpf', 'e30:1vv091:L91cs2gVSPh293LzoLqBaGXPVn-g-m-ydu8uROWo7LE', '2026-02-24 22:10:39.436466+00');
INSERT INTO public.django_session VALUES ('oqw5ibxh791xbd0uofn4ycngjdwfiu8y', 'e30:1vvAgQ:UCSw3zG_L4evyH36hkvkmGfmLIWa1L0_HeryJWHCHpg', '2026-02-25 09:25:50.558493+00');
INSERT INTO public.django_session VALUES ('sk7tqph2zdag1rr6eueqqamspm12h65p', '.eJxVjs0OgjAQhN9lz6RS-iccvfsMzba7CGoogeLF-O6mgYNeJpn5JpN5g8ctD35befEjQQcSqt8sYHzwVADdcbolEdOUlzGIUhEHXcU1ET8vR_dvYMB1gA5qJXV0EtkFFSO7s42G-kay0RYbI1sVAhqrbc-EslGae-d0U7eIdUtkoYKUZ0_8GiPvT4vPKc-iyA5OEj5fyL9Gbw:1vt2S6:oQSlS9o01QOvNQlynYeBtbuIatKAIVBNCVTGLJodsUU', '2026-02-19 12:14:14.597412+00');
INSERT INTO public.django_session VALUES ('ynnun1yhzfwbfa9w84wt4bjdhgg0961p', 'e30:1vvAml:dBz3f7XhUCY4jW8shq5TQpmK_fDBQN6dZbqrKwxhO4E', '2026-02-25 09:32:23.594794+00');
INSERT INTO public.django_session VALUES ('mt6i8khz1svxn6ncmwya0j38aaksl5ji', 'e30:1vt9qo:KU0dmCQdntCuEwkxCsibJcYTOst-0o_91yAS_7haHe4', '2026-02-19 20:08:14.918096+00');
INSERT INTO public.django_session VALUES ('93rttbsxvc6nkg5z36cijyjquu0abxey', 'e30:1vvAqq:cbIXdDvwkpxo3t-fT4Ze2N4xYwkxrBjUKOveIlot1X8', '2026-02-25 09:36:36.062649+00');
INSERT INTO public.django_session VALUES ('vnwoejoq9qbkqxkw4li78ba35rm64ysv', '.eJxVjs0OgjAQhN9lz6RS-iccvfsMzba7CGoogeLF-O6mgYNeJpn5JpN5g8ctD35befEjQQcSqt8sYHzwVADdcbolEdOUlzGIUhEHXcU1ET8vR_dvYMB1gA5qJXV0EtkFFSO7s42G-kay0RYbI1sVAhqrbc-EslGae-d0U7eIdUtkoYKUZ0_8GiPvT4vPKc-iyA5OEj5fyL9Gbw:1vtb6W:-Fnvv1PfHLI-l8tcyqNABrVHiuqxp7UoXhnoV8Zc9l0', '2026-02-21 01:14:16.886917+00');
INSERT INTO public.django_session VALUES ('5jjagz3c9acn0umaz8e0ll3yrl5mqjw5', '.eJxVjrsOwjAMRf_FcxXypIGRnW-IbCelBdRUbcqC-HcUtQMsV_I9x5bfEHAtfViXNIchwhkUNL8dIT_SWEG843jLgvNY5oFEVcROF3HNMT0vu_t3oMelr9vJeey8jZ3yxlhWRlrHntgZ9lJHa5Bca4zGI1lSJ826leQYbXIapYYGcplCTK-B0_ZpnUsuk6ixgYOCzxevrkX5:1vuVYh:xZzbTebASvuDPWNIpW3qN02G5NnXCej0pGuJiNCzdFM', '2026-02-23 13:31:07.631325+00');
INSERT INTO public.django_session VALUES ('h7vdpk215s8y9laqezr46y76tyetb182', '.eJxVjs0OgjAQhN9lz6RS-iccvfsMzba7CGoogeLF-O6mgYNeJpn5JpN5g8ctD35befEjQQcSqt8sYHzwVADdcbolEdOUlzGIUhEHXcU1ET8vR_dvYMB1gA5qJXV0EtkFFSO7s42G-kay0RYbI1sVAhqrbc-EslGae-d0U7eIdUtkoYKUZ0_8GiPvT4vPKc-iyA5OEj5fyL9Gbw:1vtsfl:y6-PG2ECpIh1hwIgWqGnJKO2XvpsgKR_8Ot7M2FLnT8', '2026-02-21 19:59:49.397797+00');
INSERT INTO public.django_session VALUES ('xlg7k47g9zot7hvoz7sxkk6bc9w9gzor', 'e30:1vtvsV:7Sps3MSxpi38DGXPQcYzupMxpjie_adfKRilY5f_XAE', '2026-02-21 23:25:11.326339+00');
INSERT INTO public.django_session VALUES ('8qopk99quf7qh1fng0yqsljsk0p02sq6', 'e30:1vtqQJ:R4EfSJAmzqB8WeF7inggD8iz72XIHqli7QBdgkvt_YQ', '2026-02-21 17:35:43.432322+00');
INSERT INTO public.django_session VALUES ('a8q72v734zk12yomknsredhs2gwegvjt', '.eJxVjDkOwjAQAP-yNbJ8G6ekzxuitXeNA8iWclSIv6NIKaCdGc0bJty3Ou0rL9NMMICCyy9LmJ_cDkEPbPcucm_bMidxJOK0qxg78et2tn-DimuFAaRRNgeFHJLJmcPVZ0dFK3bWo3YqmpTQeesLEyptLJcQrJYRUUYiD58v5I439Q:1vtwCB:HGdmlVFnQE6Y4erq7Z4qYAbwqwrTXCQ2Slt0Qv7TmpY', '2026-02-21 23:45:31.476006+00');
INSERT INTO public.django_session VALUES ('cv2dkyeqk7mkxbkaosmhmt1afvhmsixq', '.eJx1jstOxDAMRf_FWzrBsfNos2TPjh1ClZuktDC01TSDhBD_jqoZFiPUjSX7HPneb1jkaz2OSyul5I-lrBCegZDcAemgmyfiYHzQRhEzI90hBkSo_ivklK8ZmXcUi4GMIm-cq_cUHdApw-TdXpDVgWvltTX4F_RSQSvnMrTnNZ_aMUEADTe3TuJ7njaQ3mR6nVWcp3IaO7Up6kpX9TinfHy4ujcPBlkHCICsTfRasu84xuxrF23qSWdrnJDVDXedWGdcn5NoYpN77w1hI4JNSg4qmMvSpvw5xnxpuu1lLovaxgXca_j5BacIcPU:1vtFAi:oASArnqmeRFzjwlFtn8DSmgsPF_84QvBjXM_VkEaSEE', '2026-02-20 01:49:08.961007+00');
INSERT INTO public.django_session VALUES ('vmxau46scsf77vc0ci1iehpqobwxyio6', '.eJxVjrsOwjAMRf_FcxXypIGRnW-IbCelBdRUbcqC-HcUtQMsV_I9x5bfEHAtfViXNIchwhkUNL8dIT_SWEG843jLgvNY5oFEVcROF3HNMT0vu_t3oMelr9vJeey8jZ3yxlhWRlrHntgZ9lJHa5Bca4zGI1lSJ826leQYbXIapYYGcplCTK-B0_ZpnUsuk6ixgYOCzxevrkX5:1vuG9w:Pn7E0SX1-r63VkuuBNMU_se2e5ll9L5_rBPEoGXeI_c', '2026-02-22 21:04:32.797027+00');
INSERT INTO public.django_session VALUES ('fr9e8qms0dx1qhi5293lcn9jycnkzq41', '.eJxVjs0OgjAQhN9lz6RS-iccvfsMzba7CGoogeLF-O6mgYNeJpn5JpN5g8ctD35befEjQQcSqt8sYHzwVADdcbolEdOUlzGIUhEHXcU1ET8vR_dvYMB1gA5qJXV0EtkFFSO7s42G-kay0RYbI1sVAhqrbc-EslGae-d0U7eIdUtkoYKUZ0_8GiPvT4vPKc-iyA5OEj5fyL9Gbw:1vt2BC:r65wneVYHCYAtAsgbAGIalGCYjAw5CQPvnFlV1GZtuI', '2026-02-19 11:56:46.001867+00');
INSERT INTO public.django_session VALUES ('ip2bd9nua7ny4wwmmsi6mp03ci78qaqo', '.eJxVjDkOwjAQAP-yNbJ8G6ekzxuitXeNA8iWclSIv6NIKaCdGc0bJty3Ou0rL9NMMICCyy9LmJ_cDkEPbPcucm_bMidxJOK0qxg78et2tn-DimuFAaRRNgeFHJLJmcPVZ0dFK3bWo3YqmpTQeesLEyptLJcQrJYRUUYiD58v5I439Q:1vtntz:sgVN_0WafCB9vLUGjpROd7Pleszr9o7_e5EwMtOrDqQ', '2026-02-21 14:54:11.759562+00');
INSERT INTO public.django_session VALUES ('vfixda1nsea042stf8jzjfrnz6jk0qmy', '.eJxVjs0OgjAQhN9lz6RS-iccvfsMzba7CGoogeLF-O6mgYNeJpn5JpN5g8ctD35befEjQQcSqt8sYHzwVADdcbolEdOUlzGIUhEHXcU1ET8vR_dvYMB1gA5qJXV0EtkFFSO7s42G-kay0RYbI1sVAhqrbc-EslGae-d0U7eIdUtkoYKUZ0_8GiPvT4vPKc-iyA5OEj5fyL9Gbw:1vt2Bi:Z-S1t4J3AhpGbiYmowqwQycy9lOz0zO3MHWY-o4Ygto', '2026-02-19 11:57:18.132289+00');
INSERT INTO public.django_session VALUES ('mr514w2jxkddbq8nm4r11erq3spqt81j', '.eJxVjs0OgjAQhN9lz6RS-iccvfsMzba7CGoogeLF-O6mgYNeJpn5JpN5g8ctD35befEjQQcSqt8sYHzwVADdcbolEdOUlzGIUhEHXcU1ET8vR_dvYMB1gA5qJXV0EtkFFSO7s42G-kay0RYbI1sVAhqrbc-EslGae-d0U7eIdUtkoYKUZ0_8GiPvT4vPKc-iyA5OEj5fyL9Gbw:1vtWWG:LxPPmBjgkmHp7959IZPv_n-pjyLi00NB1IREZ4AKhYo', '2026-02-20 20:20:32.775891+00');
INSERT INTO public.django_session VALUES ('pqq8lxtpqnnc5xfxrgxbbrcx5l8djpiy', '.eJxVjDkOwjAQAP-yNbJ8G6ekzxuitXeNA8iWclSIv6NIKaCdGc0bJty3Ou0rL9NMMICCyy9LmJ_cDkEPbPcucm_bMidxJOK0qxg78et2tn-DimuFAaRRNgeFHJLJmcPVZ0dFK3bWo3YqmpTQeesLEyptLJcQrJYRUUYiD58v5I439Q:1vteAK:yPeuUQjOVuoiR99u8u_KMV6l0ehMk3drB52C8pwbRe8', '2026-02-21 04:30:24.343183+00');
INSERT INTO public.django_session VALUES ('p6ko7uceg0usstj0cyffcxhc06rfuhxd', '.eJxVjEEOwiAQRe_C2hBgGIsu3fcMZGagUjU0Ke3KeHdD0oVu_3vvv1WkfStxb3mNc1JXZdXpd2OSZ64dpAfV-6Jlqds6s-6KPmjT45Ly63a4fweFWul1xkBT8GmyAcCLBeNRAguCBOOSB2IcAByd2bO9OHGDYRTyGR0Zpz5f3e03fw:1vuWxU:pBU_x1_gV74LuOA_E8Qr9CstBwJLktmJVaIRujLZeyo', '2026-02-23 15:00:48.40689+00');
INSERT INTO public.django_session VALUES ('7swj5ozxxrdb46gqh9czc9teyr0o3wa9', 'e30:1vuXu9:LSO2aqiZuJZbJGZczySgHYExA5KNpoSBbG_aRPwNU9k', '2026-02-23 16:01:25.831596+00');
INSERT INTO public.django_session VALUES ('192xbmrlsinohccigggi4aux5wodghq7', '.eJxVjs0OgjAQhN9lz6RS-iccvfsMzba7CGoogeLF-O6mgYNeJpn5JpN5g8ctD35befEjQQcSqt8sYHzwVADdcbolEdOUlzGIUhEHXcU1ET8vR_dvYMB1gA5qJXV0EtkFFSO7s42G-kay0RYbI1sVAhqrbc-EslGae-d0U7eIdUtkoYKUZ0_8GiPvT4vPKc-iyA5OEj5fyL9Gbw:1vt2Ct:YcJIxttmw12GgrtxHBE8lTGyXgsBDuWR2GzZM0wARQc', '2026-02-19 11:58:31.577761+00');
INSERT INTO public.django_session VALUES ('rmm869s665btpb6uka7n3dubghdx436v', '.eJxVjrsOwjAMRf_FcxXypIGRnW-IbCelBdRUbcqC-HcUtQMsV_I9x5bfEHAtfViXNIchwhkUNL8dIT_SWEG843jLgvNY5oFEVcROF3HNMT0vu_t3oMelr9vJeey8jZ3yxlhWRlrHntgZ9lJHa5Bca4zGI1lSJ826leQYbXIapYYGcplCTK-B0_ZpnUsuk6ixgYOCzxevrkX5:1vuCO7:DioA83MPluY8MA2Cktx28yGgmVCiv2V8DBM8x5A9Stw', '2026-02-22 17:02:55.178589+00');
INSERT INTO public.django_session VALUES ('0qoa4vl1ps88c2zoa7rawmitdihw4oxt', 'e30:1vuztc:h2G_MKb-zSBbNA_2vwDyzhjliaJv19nVUYX08VwZMZ0', '2026-02-24 21:54:44.44393+00');
INSERT INTO public.django_session VALUES ('61gb85rgjbavilwys5sdwnrp1c18lwyc', '.eJxVjs0OgjAQhN9lz6RS-iccvfsMzba7CGoogeLF-O6mgYNeJpn5JpN5g8ctD35befEjQQcSqt8sYHzwVADdcbolEdOUlzGIUhEHXcU1ET8vR_dvYMB1gA5qJXV0EtkFFSO7s42G-kay0RYbI1sVAhqrbc-EslGae-d0U7eIdUtkoYKUZ0_8GiPvT4vPKc-iyA5OEj5fyL9Gbw:1vt3ML:LBS2sfSDT-8OAKMwVtdKaygGT3OEpNus80csNew2sBo', '2026-02-19 13:12:21.429228+00');
INSERT INTO public.django_session VALUES ('nny9mx2taa7asr4w32ol9i8zmniq3esn', '.eJxVjrsOwjAMRf_FcxXypIGRnW-IbCelBdRUbcqC-HcUtQMsV_I9x5bfEHAtfViXNIchwhkUNL8dIT_SWEG843jLgvNY5oFEVcROF3HNMT0vu_t3oMelr9vJeey8jZ3yxlhWRlrHntgZ9lJHa5Bca4zGI1lSJ826leQYbXIapYYGcplCTK-B0_ZpnUsuk6ixgYOCzxevrkX5:1vuIOx:bgdn8JtNKffqx0ogd0Pmr7czg2KzqHQNkM7fkKeT-lw', '2026-02-22 23:28:11.090517+00');
INSERT INTO public.django_session VALUES ('oli8803rma95h9kb72bc5haxfuvo7gkw', '.eJxVjrsOwjAMRf_FcxXypIGRnW-IbCelBdRUbcqC-HcUtQMsV_I9x5bfEHAtfViXNIchwhkUNL8dIT_SWEG843jLgvNY5oFEVcROF3HNMT0vu_t3oMelr9vJeey8jZ3yxlhWRlrHntgZ9lJHa5Bca4zGI1lSJ826leQYbXIapYYGcplCTK-B0_ZpnUsuk6ixgYOCzxevrkX5:1vuTde:xuS1s-UCMLPGiVQ74MF3w3Cd7sMheO2hl5_ZryxApx4', '2026-02-23 11:28:06.224205+00');
INSERT INTO public.django_session VALUES ('d37hjwq2jxjwbidape83t1ye8l9mf7qe', 'e30:1vuuaI:sT-vxAjhePfWQkko_ide43Rf_HZargQYYBhYa-HvvW8', '2026-02-24 16:14:26.917371+00');
INSERT INTO public.django_session VALUES ('8gycaunz9hi0zk6opl2qyhfp4nmpnj7u', '.eJxVjrsOwjAMRf_FcxXypIGRnW-IbCelBdRUbcqC-HcUtQMsV_I9x5bfEHAtfViXNIchwhkUNL8dIT_SWEG843jLgvNY5oFEVcROF3HNMT0vu_t3oMelr9vJeey8jZ3yxlhWRlrHntgZ9lJHa5Bca4zGI1lSJ826leQYbXIapYYGcplCTK-B0_ZpnUsuk6ixgYOCzxevrkX5:1vtweV:UKbGTCuCWjyf2gu-ORBmiodRNUxDp6sHnMIV0OclRgA', '2026-02-22 00:14:47.64951+00');
INSERT INTO public.django_session VALUES ('radsiri4o6inkimcnhf1nx54ufametr3', '.eJxVjrsOwjAMRf_FcxXypIGRnW-IbCelBdRUbcqC-HcUtQMsV_I9x5bfEHAtfViXNIchwhkUNL8dIT_SWEG843jLgvNY5oFEVcROF3HNMT0vu_t3oMelr9vJeey8jZ3yxlhWRlrHntgZ9lJHa5Bca4zGI1lSJ826leQYbXIapYYGcplCTK-B0_ZpnUsuk6ixgYOCzxevrkX5:1vuFdM:d8zIkUbAHW7-QSgPVgO-iE9HxNN1tIwvAVSbvUFPiSc', '2026-02-22 20:30:52.030275+00');
INSERT INTO public.django_session VALUES ('1qsazy4brf8k501fg7bnpo3rgn0jkgrr', 'e30:1vvAjO:J9s6x4kFVQ_stBT2kpuTqNZZDwIN79fZQCwtmSLPc1c', '2026-02-25 09:28:54.953922+00');
INSERT INTO public.django_session VALUES ('cgk0tdn8ya9ultpgis63vu62zey5q0ed', 'e30:1vvApW:zyksiVT4cxvcNOUJdpVakE2dCZ7EOWCZA3UAFmLlQYA', '2026-02-25 09:35:14.470787+00');
INSERT INTO public.django_session VALUES ('n80e1ffrwfl7gra8nvtl5jozq0dkgym3', '.eJxVjrsOwjAMRf_FcxXypIGRnW-IbCelBdRUbcqC-HcUtQMsV_I9x5bfEHAtfViXNIchwhkUNL8dIT_SWEG843jLgvNY5oFEVcROF3HNMT0vu_t3oMelr9vJeey8jZ3yxlhWRlrHntgZ9lJHa5Bca4zGI1lSJ826leQYbXIapYYGcplCTK-B0_ZpnUsuk6ixgYOCzxevrkX5:1vup84:Msza4PD_8SP8HKhtNA3TNEN9SmPiyIuOWoo7sy-3izM', '2026-02-24 10:24:56.278203+00');
INSERT INTO public.django_session VALUES ('6zz80rwc7jpc1bptdfqc0wohtxzyahxb', 'e30:1vwKY5:8nzysB3I0iuJiVSgA5qlS-Sz_dqWEDa8oBTL7ZwtEZ0', '2026-02-28 14:10:01.740373+00');
INSERT INTO public.django_session VALUES ('yekadgf95tx6oojabieah1a5vql9dvsz', '.eJxVjrsOwjAMRf_FcxXypIGRnW-IbCelBdRUbcqC-HcUtQMsV_I9x5bfEHAtfViXNIchwhkUNL8dIT_SWEG843jLgvNY5oFEVcROF3HNMT0vu_t3oMelr9vJeey8jZ3yxlhWRlrHntgZ9lJHa5Bca4zGI1lSJ826leQYbXIapYYGcplCTK-B0_ZpnUsuk6ixgYOCzxevrkX5:1vusCw:-1NGZhE2gT0V_qncXcqVTRrSq8GeuluJoanifMybe4k', '2026-02-24 13:42:10.993602+00');
INSERT INTO public.django_session VALUES ('v9k3bwysryrgddf8uauvskdjrsgn46bn', '.eJxVjrsOwjAMRf_FcxXypIGRnW-IbCelBdRUbcqC-HcUtQMsV_I9x5bfEHAtfViXNIchwhkUNL8dIT_SWEG843jLgvNY5oFEVcROF3HNMT0vu_t3oMelr9vJeey8jZ3yxlhWRlrHntgZ9lJHa5Bca4zGI1lSJ826leQYbXIapYYGcplCTK-B0_ZpnUsuk6ixgYOCzxevrkX5:1vvB1x:yBxAsk-ykTNgHVFjnlmmwwwmo3ebsLZaOpun_9Ga-sA', '2026-02-25 09:48:05.483528+00');
INSERT INTO public.django_session VALUES ('c89hoje6w64veuxru4bh7l4eh1mxpo36', 'e30:1vvDXg:LtlvICCq9rKT5QpScEuvqd9N0rjf9Cu94G2AoZOF1gQ', '2026-02-25 12:29:00.849019+00');
INSERT INTO public.django_session VALUES ('excesmeupxmzh9hno25c1b2vbsquoxys', '.eJxVjEEOwiAQRe_C2hBgGIsu3fcMZGagUjU0Ke3KeHdD0oVu_3vvv1WkfStxb3mNc1JXZdXpd2OSZ64dpAfV-6Jlqds6s-6KPmjT45Ly63a4fweFWul1xkBT8GmyAcCLBeNRAguCBOOSB2IcAByd2bO9OHGDYRTyGR0Zpz5f3e03fw:1vvExC:IbI0wCU4GkpEi_KOnyoh--B4me2-YLcMv7PgfewP_yg', '2026-02-25 13:59:26.963527+00');
INSERT INTO public.django_session VALUES ('sxaoou79yt9kkc8ev85wvhdjm4mwfacs', 'e30:1vuvGu:HSK3FTkykWiMBBGbkfE1tCmi_AJU6qaWOxKYIv7tkHg', '2026-02-24 16:58:28.317023+00');
INSERT INTO public.django_session VALUES ('luv2jh7hd46ce2bthmf5prq5ewrml4t7', 'e30:1vvDcE:qFy_KzBQpA88N7M6ioSxhF-b-vS7miwVIVw1DiigLKw', '2026-02-25 12:33:42.502409+00');
INSERT INTO public.django_session VALUES ('3zqqq0tlvockk77q5sx40ilqqmafcnhp', '.eJxVjrsOwjAMRf_FcxXypIGRnW-IbCelBdRUbcqC-HcUtQMsV_I9x5bfEHAtfViXNIchwhkUNL8dIT_SWEG843jLgvNY5oFEVcROF3HNMT0vu_t3oMelr9vJeey8jZ3yxlhWRlrHntgZ9lJHa5Bca4zGI1lSJ826leQYbXIapYYGcplCTK-B0_ZpnUsuk6ixgYOCzxevrkX5:1vuy0Q:PSvtsMvEx-_4VrjCUncSyTLRvUXw1UruSB_iauVEhRU', '2026-02-24 19:53:38.039017+00');
INSERT INTO public.django_session VALUES ('fg3sy3us75sp6918tsp78ecvk4pkyeon', 'e30:1vvDg5:9S3-1lnO3BPJ0-w-Hj0FZSH3WNVlREwLs8syOMoFapg', '2026-02-25 12:37:41.488785+00');
INSERT INTO public.django_session VALUES ('aipezsinuzoaw9swq82xwl41ou1e9934', 'e30:1vwPJ4:PK5GuMTfjB5ySrmDiOb2uALZtQaZdPeHspLPXVALA8M', '2026-02-28 19:14:50.500823+00');
INSERT INTO public.django_session VALUES ('47pj5gv0fzswn5n4yvzpz9je257jvzxw', 'e30:1vvE27:Lr29NU9EIHqErMcQsnW2rj1tAarJS-sI-hSui7OgtFo', '2026-02-25 13:00:27.765977+00');
INSERT INTO public.django_session VALUES ('uovyl5sb5hoen8n90985wixw904epcj0', 'e30:1vuzvf:C1Bo5J1b7XBehOzVoq3r-yb2xDgmNBv4TAonY8k9Rh8', '2026-02-24 21:56:51.140995+00');
INSERT INTO public.django_session VALUES ('afvkjzok18rkmty6ngfkm7hvvnl3ltno', 'e30:1vvETd:ywcAfzcBcDXnrEtzgu6M1sRQ05PgN6uALBLj_MdMqXA', '2026-02-25 13:28:53.288787+00');
INSERT INTO public.django_session VALUES ('rh35y0zuyeto6gnhzzqfnu2m23qkwc8m', '.eJxVjEEOwiAQRe_C2hBgGIsu3fcMZGagUjU0Ke3KeHdD0oVu_3vvv1WkfStxb3mNc1JXZdXpd2OSZ64dpAfV-6Jlqds6s-6KPmjT45Ly63a4fweFWul1xkBT8GmyAcCLBeNRAguCBOOSB2IcAByd2bO9OHGDYRTyGR0Zpz5f3e03fw:1vvxvx:KRW2k97tVxlLDIBjCzAPZVXdYU2q4qJdAKrHnZaK5SQ', '2026-02-27 14:01:09.661966+00');
INSERT INTO public.django_session VALUES ('sti0d93dtbxo8gdvbt3737rc39k24zb3', '.eJxVjEEOwiAQRe_C2hBgGIsu3fcMZGagUjU0Ke3KeHdD0oVu_3vvv1WkfStxb3mNc1JXZdXpd2OSZ64dpAfV-6Jlqds6s-6KPmjT45Ly63a4fweFWul1xkBT8GmyAcCLBeNRAguCBOOSB2IcAByd2bO9OHGDYRTyGR0Zpz5f3e03fw:1vvd8P:OBWsfy5Ah-8EmUNP4ngFS32RU2PnhYSOe_r4Q9eVt2E', '2026-02-26 15:48:37.21344+00');
INSERT INTO public.django_session VALUES ('yn9gsiuszzhlbvglmzi7sdok61ik2vu9', '.eJxVjEEOwiAQRe_C2hBgGIsu3fcMZGagUjU0Ke3KeHdD0oVu_3vvv1WkfStxb3mNc1JXZdXpd2OSZ64dpAfV-6Jlqds6s-6KPmjT45Ly63a4fweFWul1xkBT8GmyAcCLBeNRAguCBOOSB2IcAByd2bO9OHGDYRTyGR0Zpz5f3e03fw:1vvFkI:ZchuwRHPBgtIsg9YIXAYPH1j7KDpKwbIb1ACqYm8sFc', '2026-02-25 14:50:10.7472+00');
INSERT INTO public.django_session VALUES ('4jvzn2584m5w34mszrg3vt8fhtmcl46w', '.eJxVjEEOwiAQRe_C2hBgGIsu3fcMZGagUjU0Ke3KeHdD0oVu_3vvv1WkfStxb3mNc1JXZdXpd2OSZ64dpAfV-6Jlqds6s-6KPmjT45Ly63a4fweFWul1xkBT8GmyAcCLBeNRAguCBOOSB2IcAByd2bO9OHGDYRTyGR0Zpz5f3e03fw:1vvhcG:nwR39zOqsjuVfM_ydAH08fYKVUVWDjuCj5ALOEU5k_w', '2026-02-26 20:35:44.404329+00');
INSERT INTO public.django_session VALUES ('plmozj2cpp8uld1hnny1ct97mmw1k7tv', '.eJxVjEEOwiAQRe_C2hBgGIsu3fcMZGagUjU0Ke3KeHdD0oVu_3vvv1WkfStxb3mNc1JXZdXpd2OSZ64dpAfV-6Jlqds6s-6KPmjT45Ly63a4fweFWul1xkBT8GmyAcCLBeNRAguCBOOSB2IcAByd2bO9OHGDYRTyGR0Zpz5f3e03fw:1vvi8M:7RZSHnhXQPqklUA0Z6kbYZztXcje4czOuXJjQs_4134', '2026-02-26 21:08:54.380043+00');
INSERT INTO public.django_session VALUES ('4aki12zl2odtcxtjwkakuzsldfx9dl0v', '.eJxVjEEOwiAQRe_C2hBgGIsu3fcMZGagUjU0Ke3KeHdD0oVu_3vvv1WkfStxb3mNc1JXZdXpd2OSZ64dpAfV-6Jlqds6s-6KPmjT45Ly63a4fweFWul1xkBT8GmyAcCLBeNRAguCBOOSB2IcAByd2bO9OHGDYRTyGR0Zpz5f3e03fw:1vvZU5:iDchGaN9LlGUlwT_rCrMi7mZVwfrjcHgdaBbu66CT1E', '2026-02-26 11:54:45.752589+00');
INSERT INTO public.django_session VALUES ('1gdc5h3nxnp6nnbdjko4yjgyffjh8mck', 'e30:1vviyl:7-pAH137c_PavJh-g5HUnPLodEsvklIo9qsRPBL3dWk', '2026-02-26 22:03:03.406737+00');
INSERT INTO public.django_session VALUES ('j2e36p66ybpbkju1o20g4l4ohi5vssfw', 'e30:1vwKId:KSpagXcm3sX4yzDuFJ-UrdMrm-9snT4ys7prBxNH-Bg', '2026-02-28 13:54:03.331733+00');
INSERT INTO public.django_session VALUES ('l17oa7b12pwhhmn7ht67yk6sgrlt74ll', '.eJxVjEEOwiAQRe_C2hBgGIsu3fcMZGagUjU0Ke3KeHdD0oVu_3vvv1WkfStxb3mNc1JXZdXpd2OSZ64dpAfV-6Jlqds6s-6KPmjT45Ly63a4fweFWul1xkBT8GmyAcCLBeNRAguCBOOSB2IcAByd2bO9OHGDYRTyGR0Zpz5f3e03fw:1vwIvw:rfCfGMTHcgMwBh0inPuB4B2A_NVG31BrMSAU27u5RwI', '2026-02-28 12:26:32.380338+00');


--
-- Data for Name: employee_payslip; Type: TABLE DATA; Schema: public; Owner: -
--



--
-- Data for Name: otp_static_staticdevice; Type: TABLE DATA; Schema: public; Owner: -
--



--
-- Data for Name: otp_static_statictoken; Type: TABLE DATA; Schema: public; Owner: -
--



--
-- Data for Name: otp_totp_totpdevice; Type: TABLE DATA; Schema: public; Owner: -
--

INSERT INTO public.otp_totp_totpdevice VALUES (1, 'Abdulai Jabbie', true, 'e59da02cceb5a4008bf98c86a3e1269e2b7ad05e', 60, 0, 6, 1, 0, 29538506, 1, 0, NULL, '2026-02-18 01:28:25.069126+00', '2026-02-28 20:26:40.282166+00');


--
-- Data for Name: payslip_app_adminauditlog; Type: TABLE DATA; Schema: public; Owner: -
--

INSERT INTO public.payslip_app_adminauditlog VALUES (1, 'login', 'Jabbie', 'Successful login with 2FA', '127.0.0.1', '2026-02-25 13:17:59.36736+00', 1);
INSERT INTO public.payslip_app_adminauditlog VALUES (2, 'view_logs', NULL, 'Viewed retrieval logs', '127.0.0.1', '2026-02-25 13:18:07.662432+00', 1);
INSERT INTO public.payslip_app_adminauditlog VALUES (3, 'view_logs', NULL, 'Viewed retrieval logs', '127.0.0.1', '2026-02-25 13:23:35.879384+00', 1);
INSERT INTO public.payslip_app_adminauditlog VALUES (4, 'view_logs', NULL, 'Viewed retrieval logs', '127.0.0.1', '2026-02-25 13:26:53.899605+00', 1);
INSERT INTO public.payslip_app_adminauditlog VALUES (5, 'approve_request', 'PS-WXZFTCFH', NULL, '127.0.0.1', '2026-02-25 13:27:12.861307+00', 1);
INSERT INTO public.payslip_app_adminauditlog VALUES (6, 'upload_payslip', 'PS-WXZFTCFH', 'Uploaded January', '127.0.0.1', '2026-02-25 13:27:26.719035+00', 1);
INSERT INTO public.payslip_app_adminauditlog VALUES (7, 'view_logs', NULL, 'Viewed retrieval logs', '127.0.0.1', '2026-02-25 13:29:19.8414+00', 1);
INSERT INTO public.payslip_app_adminauditlog VALUES (8, 'login', 'Jabbie', 'Successful login with 2FA', '127.0.0.1', '2026-02-25 14:14:21.680833+00', 1);
INSERT INTO public.payslip_app_adminauditlog VALUES (9, 'view_logs', NULL, 'Viewed retrieval logs', '127.0.0.1', '2026-02-25 14:14:44.404498+00', 1);
INSERT INTO public.payslip_app_adminauditlog VALUES (10, 'login', 'Jabbie', 'Successful login with 2FA', '127.0.0.1', '2026-02-25 15:49:50.546427+00', 1);
INSERT INTO public.payslip_app_adminauditlog VALUES (11, 'view_logs', NULL, 'Viewed retrieval logs', '127.0.0.1', '2026-02-25 15:50:04.19737+00', 1);
INSERT INTO public.payslip_app_adminauditlog VALUES (12, 'logout', 'Jabbie', NULL, '127.0.0.1', '2026-02-25 15:50:31.092923+00', 1);
INSERT INTO public.payslip_app_adminauditlog VALUES (13, 'login', 'Jabbie', 'Successful login with 2FA', '127.0.0.1', '2026-02-25 15:59:17.282675+00', 1);
INSERT INTO public.payslip_app_adminauditlog VALUES (14, 'login', 'Jabbie', 'Successful login with 2FA', '127.0.0.1', '2026-02-25 16:03:38.224859+00', 1);
INSERT INTO public.payslip_app_adminauditlog VALUES (15, 'view_logs', NULL, 'Viewed retrieval logs', '127.0.0.1', '2026-02-25 16:03:51.328522+00', 1);
INSERT INTO public.payslip_app_adminauditlog VALUES (16, 'logout', 'Jabbie', NULL, '127.0.0.1', '2026-02-25 16:04:05.453528+00', 1);
INSERT INTO public.payslip_app_adminauditlog VALUES (17, 'login', 'Jabbie', 'Successful login with 2FA', '127.0.0.1', '2026-02-26 10:28:43.31792+00', 1);
INSERT INTO public.payslip_app_adminauditlog VALUES (18, 'view_logs', NULL, 'Viewed retrieval logs', '127.0.0.1', '2026-02-26 10:35:30.041748+00', 1);
INSERT INTO public.payslip_app_adminauditlog VALUES (19, 'view_logs', NULL, 'Viewed retrieval logs', '127.0.0.1', '2026-02-26 10:36:10.274542+00', 1);
INSERT INTO public.payslip_app_adminauditlog VALUES (20, 'delete_log', 'Log #6 — UNKNOWN', 'IP: 127.0.0.1', '127.0.0.1', '2026-02-26 10:36:19.457859+00', 1);
INSERT INTO public.payslip_app_adminauditlog VALUES (21, 'view_logs', NULL, 'Viewed retrieval logs', '127.0.0.1', '2026-02-26 10:36:20.566842+00', 1);
INSERT INTO public.payslip_app_adminauditlog VALUES (22, 'delete_log', 'Log #5 — UNKNOWN', 'IP: 127.0.0.1', '127.0.0.1', '2026-02-26 10:36:26.004288+00', 1);
INSERT INTO public.payslip_app_adminauditlog VALUES (23, 'view_logs', NULL, 'Viewed retrieval logs', '127.0.0.1', '2026-02-26 10:36:27.552186+00', 1);
INSERT INTO public.payslip_app_adminauditlog VALUES (24, 'delete_request', 'PS-WXZFTCFH', NULL, '127.0.0.1', '2026-02-26 10:43:26.156333+00', 1);
INSERT INTO public.payslip_app_adminauditlog VALUES (25, 'approve_request', 'PS-NK3T3NFN', NULL, '127.0.0.1', '2026-02-26 10:45:36.142444+00', 1);
INSERT INTO public.payslip_app_adminauditlog VALUES (26, 'export_reports', NULL, NULL, '127.0.0.1', '2026-02-26 10:46:57.894574+00', 1);
INSERT INTO public.payslip_app_adminauditlog VALUES (27, 'view_logs', NULL, 'Viewed retrieval logs', '127.0.0.1', '2026-02-26 10:51:09.716105+00', 1);
INSERT INTO public.payslip_app_adminauditlog VALUES (28, 'view_logs', NULL, 'Viewed retrieval logs', '127.0.0.1', '2026-02-26 10:51:26.96206+00', 1);
INSERT INTO public.payslip_app_adminauditlog VALUES (29, 'view_logs', NULL, 'Viewed retrieval logs', '127.0.0.1', '2026-02-26 10:51:31.480612+00', 1);
INSERT INTO public.payslip_app_adminauditlog VALUES (30, 'view_logs', NULL, 'Viewed retrieval logs', '127.0.0.1', '2026-02-26 10:58:08.062569+00', 1);
INSERT INTO public.payslip_app_adminauditlog VALUES (31, 'login', 'Jabbie', 'Successful login with 2FA', '127.0.0.1', '2026-02-26 11:00:22.081252+00', 1);
INSERT INTO public.payslip_app_adminauditlog VALUES (32, 'upload_payslip', 'PS-NK3T3NFN', 'Uploaded January', '127.0.0.1', '2026-02-26 11:06:38.455789+00', 1);
INSERT INTO public.payslip_app_adminauditlog VALUES (33, 'logout', 'Jabbie', NULL, '127.0.0.1', '2026-02-26 11:09:15.936134+00', 1);
INSERT INTO public.payslip_app_adminauditlog VALUES (34, 'login', 'Jabbie', 'Successful login with 2FA', '127.0.0.1', '2026-02-26 11:09:46.524085+00', 1);
INSERT INTO public.payslip_app_adminauditlog VALUES (35, 'approve_request', 'PS-ZYO00776', NULL, '127.0.0.1', '2026-02-26 11:11:34.334575+00', 1);
INSERT INTO public.payslip_app_adminauditlog VALUES (36, 'upload_payslip', 'PS-ZYO00776', 'Uploaded January', '127.0.0.1', '2026-02-26 11:12:13.552476+00', 1);
INSERT INTO public.payslip_app_adminauditlog VALUES (37, 'view_logs', NULL, 'Viewed retrieval logs', '127.0.0.1', '2026-02-26 11:13:42.00123+00', 1);
INSERT INTO public.payslip_app_adminauditlog VALUES (38, 'view_logs', NULL, 'Viewed retrieval logs', '127.0.0.1', '2026-02-26 11:14:02.056241+00', 1);
INSERT INTO public.payslip_app_adminauditlog VALUES (39, 'view_logs', NULL, 'Viewed retrieval logs', '127.0.0.1', '2026-02-26 11:14:09.85005+00', 1);
INSERT INTO public.payslip_app_adminauditlog VALUES (40, 'view_logs', NULL, 'Viewed retrieval logs', '127.0.0.1', '2026-02-26 11:14:16.269103+00', 1);
INSERT INTO public.payslip_app_adminauditlog VALUES (41, 'view_logs', NULL, 'Viewed retrieval logs', '127.0.0.1', '2026-02-26 11:14:45.204728+00', 1);
INSERT INTO public.payslip_app_adminauditlog VALUES (42, 'view_logs', NULL, 'Viewed retrieval logs', '127.0.0.1', '2026-02-26 11:14:50.322766+00', 1);
INSERT INTO public.payslip_app_adminauditlog VALUES (43, 'view_logs', NULL, 'Viewed retrieval logs', '127.0.0.1', '2026-02-26 11:15:06.405434+00', 1);
INSERT INTO public.payslip_app_adminauditlog VALUES (44, 'logout', 'Jabbie', NULL, '127.0.0.1', '2026-02-26 11:16:17.870466+00', 1);
INSERT INTO public.payslip_app_adminauditlog VALUES (45, 'login', 'Jabbie', 'Successful login with 2FA', '127.0.0.1', '2026-02-26 11:17:39.133564+00', 1);
INSERT INTO public.payslip_app_adminauditlog VALUES (46, 'view_logs', NULL, 'Viewed retrieval logs', '127.0.0.1', '2026-02-26 11:18:07.964498+00', 1);
INSERT INTO public.payslip_app_adminauditlog VALUES (47, 'view_logs', NULL, 'Viewed retrieval logs', '127.0.0.1', '2026-02-26 11:21:06.118861+00', 1);
INSERT INTO public.payslip_app_adminauditlog VALUES (48, 'view_logs', NULL, 'Viewed retrieval logs', '127.0.0.1', '2026-02-26 11:23:37.202826+00', 1);
INSERT INTO public.payslip_app_adminauditlog VALUES (49, 'view_logs', NULL, 'Viewed retrieval logs', '127.0.0.1', '2026-02-26 11:23:46.969757+00', 1);
INSERT INTO public.payslip_app_adminauditlog VALUES (50, 'export_reports', NULL, NULL, '127.0.0.1', '2026-02-26 11:23:50.555934+00', 1);
INSERT INTO public.payslip_app_adminauditlog VALUES (51, 'login', 'Jabbie', 'Successful login with 2FA', '10.27.10.122', '2026-02-26 11:40:26.232863+00', 1);
INSERT INTO public.payslip_app_adminauditlog VALUES (52, 'approve_request', 'PS-Q20925GZ', NULL, '10.27.10.122', '2026-02-26 11:45:39.53644+00', 1);
INSERT INTO public.payslip_app_adminauditlog VALUES (53, 'approve_request', 'PS-MQBK06WH', NULL, '10.27.10.122', '2026-02-26 12:07:45.25735+00', 1);
INSERT INTO public.payslip_app_adminauditlog VALUES (54, 'approve_request', 'PS-O9G6CPXX', NULL, '10.27.10.122', '2026-02-26 12:07:51.247217+00', 1);
INSERT INTO public.payslip_app_adminauditlog VALUES (55, 'view_logs', NULL, 'Viewed retrieval logs', '10.27.10.122', '2026-02-26 12:16:26.055658+00', 1);
INSERT INTO public.payslip_app_adminauditlog VALUES (56, 'view_logs', NULL, 'Viewed retrieval logs', '10.27.10.122', '2026-02-26 12:16:33.229442+00', 1);
INSERT INTO public.payslip_app_adminauditlog VALUES (57, 'export_reports', NULL, NULL, '10.27.10.122', '2026-02-26 12:29:19.263345+00', 1);
INSERT INTO public.payslip_app_adminauditlog VALUES (58, 'approve_request', 'PS-A60SGESL', NULL, '10.27.10.122', '2026-02-26 12:41:10.330281+00', 1);
INSERT INTO public.payslip_app_adminauditlog VALUES (59, 'view_logs', NULL, 'Viewed retrieval logs', '10.27.10.122', '2026-02-26 12:48:15.434575+00', 1);
INSERT INTO public.payslip_app_adminauditlog VALUES (60, 'view_logs', NULL, 'Viewed retrieval logs', '10.27.10.122', '2026-02-26 12:54:12.129035+00', 1);
INSERT INTO public.payslip_app_adminauditlog VALUES (61, 'view_logs', NULL, 'Viewed retrieval logs', '10.27.10.122', '2026-02-26 13:00:38.161107+00', 1);
INSERT INTO public.payslip_app_adminauditlog VALUES (62, 'view_logs', NULL, 'Viewed retrieval logs', '10.27.10.122', '2026-02-26 13:00:39.679718+00', 1);
INSERT INTO public.payslip_app_adminauditlog VALUES (63, 'view_logs', NULL, 'Viewed retrieval logs', '10.27.10.122', '2026-02-26 13:00:40.044584+00', 1);
INSERT INTO public.payslip_app_adminauditlog VALUES (64, 'view_logs', NULL, 'Viewed retrieval logs', '10.27.10.122', '2026-02-26 13:00:41.107714+00', 1);
INSERT INTO public.payslip_app_adminauditlog VALUES (65, 'view_logs', NULL, 'Viewed retrieval logs', '10.27.10.122', '2026-02-26 13:04:38.825526+00', 1);
INSERT INTO public.payslip_app_adminauditlog VALUES (66, 'view_logs', NULL, 'Viewed retrieval logs', '10.27.10.122', '2026-02-26 13:05:08.033458+00', 1);
INSERT INTO public.payslip_app_adminauditlog VALUES (67, 'view_logs', NULL, 'Viewed retrieval logs', '10.27.10.122', '2026-02-26 13:05:09.462253+00', 1);
INSERT INTO public.payslip_app_adminauditlog VALUES (68, 'export_reports', NULL, 'Exported retrieval logs CSV', '10.27.10.122', '2026-02-26 13:05:12.718362+00', 1);
INSERT INTO public.payslip_app_adminauditlog VALUES (69, 'view_logs', NULL, 'Viewed retrieval logs', '10.27.10.122', '2026-02-26 13:09:31.356518+00', 1);
INSERT INTO public.payslip_app_adminauditlog VALUES (70, 'approve_request', 'PS-G0E4E71N', 'Bulk action', '10.27.10.122', '2026-02-26 13:12:16.695278+00', 1);
INSERT INTO public.payslip_app_adminauditlog VALUES (71, 'approve_request', 'PS-AJVR03AQ', 'Bulk action', '10.27.10.122', '2026-02-26 13:12:16.757196+00', 1);
INSERT INTO public.payslip_app_adminauditlog VALUES (72, 'approve_request', 'PS-G3LNNJUL', 'Bulk action', '10.27.10.122', '2026-02-26 13:12:16.760952+00', 1);
INSERT INTO public.payslip_app_adminauditlog VALUES (73, 'delete_request', 'PS-A60SGESL', 'Bulk action', '10.27.10.122', '2026-02-26 13:12:33.416819+00', 1);
INSERT INTO public.payslip_app_adminauditlog VALUES (74, 'delete_request', 'PS-AJVR03AQ', 'Bulk action', '10.27.10.122', '2026-02-26 13:12:33.41979+00', 1);
INSERT INTO public.payslip_app_adminauditlog VALUES (75, 'delete_request', 'PS-G3LNNJUL', 'Bulk action', '10.27.10.122', '2026-02-26 13:12:33.421534+00', 1);
INSERT INTO public.payslip_app_adminauditlog VALUES (76, 'delete_request', 'PS-MQBK06WH', 'Bulk action', '10.27.10.122', '2026-02-26 13:12:45.502783+00', 1);
INSERT INTO public.payslip_app_adminauditlog VALUES (77, 'delete_request', 'PS-O9G6CPXX', 'Bulk action', '10.27.10.122', '2026-02-26 13:12:45.528402+00', 1);
INSERT INTO public.payslip_app_adminauditlog VALUES (78, 'delete_request', 'PS-G0E4E71N', 'Bulk action', '10.27.10.122', '2026-02-26 13:12:45.530331+00', 1);
INSERT INTO public.payslip_app_adminauditlog VALUES (79, 'approve_request', 'PS-0NCSJSTY', 'Bulk action', '10.27.10.122', '2026-02-26 13:12:56.868384+00', 1);
INSERT INTO public.payslip_app_adminauditlog VALUES (80, 'approve_request', 'PS-Q20925GZ', 'Bulk action', '10.27.10.122', '2026-02-26 13:12:56.873785+00', 1);
INSERT INTO public.payslip_app_adminauditlog VALUES (81, 'approve_request', 'PS-M3MG6LCD', 'Bulk action', '10.27.10.122', '2026-02-26 13:13:05.570138+00', 1);
INSERT INTO public.payslip_app_adminauditlog VALUES (82, 'view_logs', NULL, 'Viewed retrieval logs', '10.27.10.122', '2026-02-26 13:13:10.045355+00', 1);
INSERT INTO public.payslip_app_adminauditlog VALUES (83, 'export_reports', NULL, 'Exported retrieval logs CSV', '10.27.10.122', '2026-02-26 13:13:12.283303+00', 1);
INSERT INTO public.payslip_app_adminauditlog VALUES (84, 'approve_request', 'PS-ANMXYQZI', 'Bulk action', '10.27.10.122', '2026-02-26 13:19:13.558553+00', 1);
INSERT INTO public.payslip_app_adminauditlog VALUES (85, 'approve_request', 'PS-EX48BNBH', 'Bulk action', '10.27.10.122', '2026-02-26 13:19:13.600999+00', 1);
INSERT INTO public.payslip_app_adminauditlog VALUES (86, 'approve_request', 'PS-0WJFL8GO', 'Bulk action', '10.27.10.122', '2026-02-26 13:30:45.853579+00', 1);
INSERT INTO public.payslip_app_adminauditlog VALUES (87, 'approve_request', 'PS-MP50EBO6', 'Bulk action', '10.27.10.122', '2026-02-26 13:30:45.856843+00', 1);
INSERT INTO public.payslip_app_adminauditlog VALUES (88, 'view_logs', NULL, 'Viewed retrieval logs', '10.27.10.122', '2026-02-26 13:31:01.53006+00', 1);
INSERT INTO public.payslip_app_adminauditlog VALUES (89, 'view_logs', NULL, 'Viewed retrieval logs', '10.27.10.122', '2026-02-26 13:31:08.215007+00', 1);
INSERT INTO public.payslip_app_adminauditlog VALUES (90, 'view_logs', NULL, 'Sent 1 notifications, 0 remaining', '10.27.10.122', '2026-02-26 13:31:57.427603+00', 1);
INSERT INTO public.payslip_app_adminauditlog VALUES (91, 'view_logs', NULL, 'Viewed retrieval logs', '10.27.10.122', '2026-02-26 13:48:03.625609+00', 1);
INSERT INTO public.payslip_app_adminauditlog VALUES (92, 'upload_payslip', 'PS-M3MG6LCD', 'Uploaded January', '10.27.10.122', '2026-02-26 14:14:34.437442+00', 1);
INSERT INTO public.payslip_app_adminauditlog VALUES (93, 'upload_payslip', 'PS-M3MG6LCD', 'Uploaded February', '10.27.10.122', '2026-02-26 14:15:03.521591+00', 1);
INSERT INTO public.payslip_app_adminauditlog VALUES (94, 'upload_payslip', 'PS-M3MG6LCD', 'Uploaded March', '10.27.10.122', '2026-02-26 14:15:16.287461+00', 1);
INSERT INTO public.payslip_app_adminauditlog VALUES (95, 'view_logs', NULL, 'Viewed retrieval logs', '10.27.10.122', '2026-02-26 14:37:55.515946+00', 1);
INSERT INTO public.payslip_app_adminauditlog VALUES (96, 'view_logs', NULL, 'Viewed retrieval logs', '10.27.10.122', '2026-02-26 14:38:02.205332+00', 1);
INSERT INTO public.payslip_app_adminauditlog VALUES (97, 'delete_request', 'PS-NK3T3NFN', 'Bulk action', '10.27.10.122', '2026-02-26 14:43:46.893863+00', 1);
INSERT INTO public.payslip_app_adminauditlog VALUES (98, 'delete_request', 'PS-ZYO00776', 'Bulk action', '10.27.10.122', '2026-02-26 14:43:46.918432+00', 1);
INSERT INTO public.payslip_app_adminauditlog VALUES (99, 'delete_request', 'PS-M3MG6LCD', 'Bulk action', '10.27.10.122', '2026-02-26 14:43:46.920475+00', 1);
INSERT INTO public.payslip_app_adminauditlog VALUES (100, 'view_logs', NULL, 'Viewed retrieval logs', '10.27.10.122', '2026-02-26 14:47:32.515222+00', 1);
INSERT INTO public.payslip_app_adminauditlog VALUES (101, 'view_logs', NULL, 'Viewed retrieval logs', '10.27.10.122', '2026-02-26 14:47:36.286986+00', 1);
INSERT INTO public.payslip_app_adminauditlog VALUES (102, 'view_logs', NULL, 'Viewed retrieval logs', '10.27.10.122', '2026-02-26 14:47:41.967236+00', 1);
INSERT INTO public.payslip_app_adminauditlog VALUES (103, 'logout', 'Jabbie', NULL, '10.27.10.122', '2026-02-26 14:50:21.979082+00', 1);
INSERT INTO public.payslip_app_adminauditlog VALUES (104, 'login', 'Jabbie', 'Successful login with 2FA', '10.27.10.73', '2026-02-26 14:51:56.342932+00', 1);
INSERT INTO public.payslip_app_adminauditlog VALUES (105, 'view_logs', NULL, 'Viewed retrieval logs', '10.27.10.73', '2026-02-26 14:52:20.733951+00', 1);
INSERT INTO public.payslip_app_adminauditlog VALUES (106, 'upload_payslip', 'PS-MP50EBO6', 'Uploaded January', '10.27.10.73', '2026-02-26 14:55:20.184301+00', 1);
INSERT INTO public.payslip_app_adminauditlog VALUES (107, 'approve_request', 'PS-MP50EBO6', NULL, '10.27.10.73', '2026-02-26 14:56:31.040718+00', 1);
INSERT INTO public.payslip_app_adminauditlog VALUES (108, 'upload_payslip', 'PS-MP50EBO6', 'Uploaded February', '10.27.10.73', '2026-02-26 14:56:44.824513+00', 1);
INSERT INTO public.payslip_app_adminauditlog VALUES (109, 'logout', 'Jabbie', NULL, '10.27.10.73', '2026-02-26 14:57:39.303518+00', 1);
INSERT INTO public.payslip_app_adminauditlog VALUES (110, 'login', 'Jabbie', 'Successful login with 2FA', '10.27.10.122', '2026-02-26 14:58:10.209721+00', 1);
INSERT INTO public.payslip_app_adminauditlog VALUES (111, 'upload_payslip', 'PS-0WJFL8GO', 'Uploaded January', '10.27.10.122', '2026-02-26 14:58:38.944501+00', 1);
INSERT INTO public.payslip_app_adminauditlog VALUES (112, 'upload_payslip', 'PS-0WJFL8GO', 'Uploaded February', '10.27.10.122', '2026-02-26 14:58:55.871808+00', 1);
INSERT INTO public.payslip_app_adminauditlog VALUES (113, 'login', 'Jabbie', 'Successful login with 2FA', '127.0.0.1', '2026-02-26 18:57:57.719835+00', 1);
INSERT INTO public.payslip_app_adminauditlog VALUES (114, 'upload_payslip', 'PS-EX48BNBH', 'Uploaded January', '127.0.0.1', '2026-02-26 18:58:39.652047+00', 1);
INSERT INTO public.payslip_app_adminauditlog VALUES (115, 'upload_payslip', 'PS-EX48BNBH', 'Uploaded February', '127.0.0.1', '2026-02-26 18:58:51.933682+00', 1);
INSERT INTO public.payslip_app_adminauditlog VALUES (116, 'upload_payslip', 'PS-ANMXYQZI', 'Uploaded January', '127.0.0.1', '2026-02-26 19:17:43.775516+00', 1);
INSERT INTO public.payslip_app_adminauditlog VALUES (117, 'upload_payslip', 'PS-ANMXYQZI', 'Uploaded February', '127.0.0.1', '2026-02-26 19:17:54.6518+00', 1);
INSERT INTO public.payslip_app_adminauditlog VALUES (118, 'upload_payslip', 'PS-Q20925GZ', 'Uploaded January', '127.0.0.1', '2026-02-26 19:25:45.874165+00', 1);
INSERT INTO public.payslip_app_adminauditlog VALUES (119, 'upload_payslip', 'PS-Q20925GZ', 'Uploaded February', '127.0.0.1', '2026-02-26 19:25:56.991092+00', 1);
INSERT INTO public.payslip_app_adminauditlog VALUES (120, 'upload_payslip', 'PS-Q20925GZ', 'Uploaded March', '127.0.0.1', '2026-02-26 19:26:06.173402+00', 1);
INSERT INTO public.payslip_app_adminauditlog VALUES (121, 'delete_request', 'PS-MP50EBO6', 'Bulk action', '127.0.0.1', '2026-02-26 19:34:47.90111+00', 1);
INSERT INTO public.payslip_app_adminauditlog VALUES (122, 'delete_request', 'PS-0WJFL8GO', 'Bulk action', '127.0.0.1', '2026-02-26 19:34:47.922103+00', 1);
INSERT INTO public.payslip_app_adminauditlog VALUES (123, 'upload_payslip', 'PS-0NCSJSTY', 'Uploaded January', '127.0.0.1', '2026-02-26 19:48:06.14037+00', 1);
INSERT INTO public.payslip_app_adminauditlog VALUES (124, 'upload_payslip', 'PS-0NCSJSTY', 'Uploaded February', '127.0.0.1', '2026-02-26 19:48:15.974214+00', 1);
INSERT INTO public.payslip_app_adminauditlog VALUES (125, 'delete_request', 'PS-EX48BNBH', 'Bulk action', '127.0.0.1', '2026-02-26 20:05:44.255354+00', 1);
INSERT INTO public.payslip_app_adminauditlog VALUES (126, 'delete_request', 'PS-ANMXYQZI', 'Bulk action', '127.0.0.1', '2026-02-26 20:05:44.258829+00', 1);
INSERT INTO public.payslip_app_adminauditlog VALUES (127, 'login', 'Jabbie', 'Successful login with 2FA', '127.0.0.1', '2026-02-26 20:38:08.36044+00', 1);
INSERT INTO public.payslip_app_adminauditlog VALUES (128, 'login', 'Jabbie', 'Successful login with 2FA', '127.0.0.1', '2026-02-27 12:57:50.362675+00', 1);
INSERT INTO public.payslip_app_adminauditlog VALUES (129, 'view_logs', NULL, 'Viewed retrieval logs', '127.0.0.1', '2026-02-27 12:57:59.82631+00', 1);
INSERT INTO public.payslip_app_adminauditlog VALUES (130, 'export_reports', NULL, NULL, '127.0.0.1', '2026-02-27 13:27:54.98542+00', 1);
INSERT INTO public.payslip_app_adminauditlog VALUES (131, 'view_logs', NULL, 'Viewed retrieval logs', '127.0.0.1', '2026-02-27 13:28:08.69193+00', 1);
INSERT INTO public.payslip_app_adminauditlog VALUES (132, 'logout', 'Jabbie', NULL, '127.0.0.1', '2026-02-27 13:28:43.323174+00', 1);
INSERT INTO public.payslip_app_adminauditlog VALUES (133, 'login', 'Jabbie', 'Successful login with 2FA', '127.0.0.1', '2026-02-27 13:30:08.436948+00', 1);
INSERT INTO public.payslip_app_adminauditlog VALUES (134, 'approve_request', 'PS-G2G3MYP9', 'Bulk action', '127.0.0.1', '2026-02-27 13:30:18.738844+00', 1);
INSERT INTO public.payslip_app_adminauditlog VALUES (135, 'view_logs', NULL, 'Viewed retrieval logs', '127.0.0.1', '2026-02-27 13:30:32.216493+00', 1);
INSERT INTO public.payslip_app_adminauditlog VALUES (136, 'login', 'Jabbie', 'Successful login with 2FA', '127.0.0.1', '2026-02-28 00:49:25.135059+00', 1);
INSERT INTO public.payslip_app_adminauditlog VALUES (137, 'logout', 'Jabbie', NULL, '127.0.0.1', '2026-02-28 00:50:20.099811+00', 1);
INSERT INTO public.payslip_app_adminauditlog VALUES (138, 'login', 'Jabbie', 'Successful login with 2FA', '127.0.0.1', '2026-02-28 00:51:13.284385+00', 1);
INSERT INTO public.payslip_app_adminauditlog VALUES (139, 'logout', 'Jabbie', NULL, '127.0.0.1', '2026-02-28 01:04:31.926489+00', 1);
INSERT INTO public.payslip_app_adminauditlog VALUES (140, 'login', 'Jabbie', 'Successful login with 2FA', '192.168.100.162', '2026-02-28 01:53:50.525535+00', 1);
INSERT INTO public.payslip_app_adminauditlog VALUES (141, 'upload_payslip', 'PS-G2G3MYP9', 'Uploaded January', '192.168.100.162', '2026-02-28 01:54:10.965657+00', 1);
INSERT INTO public.payslip_app_adminauditlog VALUES (142, 'view_logs', NULL, 'Viewed retrieval logs', '192.168.100.162', '2026-02-28 01:54:30.478396+00', 1);
INSERT INTO public.payslip_app_adminauditlog VALUES (143, 'logout', 'Jabbie', NULL, '192.168.100.162', '2026-02-28 01:55:25.725702+00', 1);
INSERT INTO public.payslip_app_adminauditlog VALUES (144, 'login', 'Jabbie', 'Successful login with 2FA', '192.168.100.162', '2026-02-28 11:56:30.791622+00', 1);
INSERT INTO public.payslip_app_adminauditlog VALUES (145, 'login', 'Jabbie', 'Successful login with 2FA', '192.168.100.162', '2026-02-28 12:51:24.29171+00', 1);
INSERT INTO public.payslip_app_adminauditlog VALUES (146, 'view_logs', NULL, 'Viewed retrieval logs', '192.168.100.162', '2026-02-28 12:51:31.957415+00', 1);
INSERT INTO public.payslip_app_adminauditlog VALUES (147, 'view_logs', NULL, 'Viewed reports page', '192.168.100.162', '2026-02-28 13:00:58.15458+00', 1);
INSERT INTO public.payslip_app_adminauditlog VALUES (148, 'view_logs', NULL, 'Viewed reports page', '192.168.100.162', '2026-02-28 13:01:23.132505+00', 1);
INSERT INTO public.payslip_app_adminauditlog VALUES (149, 'view_logs', NULL, 'Viewed reports page', '192.168.100.162', '2026-02-28 13:02:55.976387+00', 1);
INSERT INTO public.payslip_app_adminauditlog VALUES (150, 'view_logs', NULL, 'Viewed retrieval logs', '192.168.100.162', '2026-02-28 13:04:04.732198+00', 1);
INSERT INTO public.payslip_app_adminauditlog VALUES (151, 'view_logs', NULL, 'Viewed reports page', '192.168.100.162', '2026-02-28 13:04:11.910147+00', 1);
INSERT INTO public.payslip_app_adminauditlog VALUES (152, 'view_logs', NULL, 'Viewed reports page', '192.168.100.162', '2026-02-28 13:04:22.642427+00', 1);
INSERT INTO public.payslip_app_adminauditlog VALUES (153, 'view_logs', NULL, 'Viewed reports page', '192.168.100.162', '2026-02-28 13:04:29.771767+00', 1);
INSERT INTO public.payslip_app_adminauditlog VALUES (154, 'view_logs', NULL, 'Viewed reports page', '192.168.100.162', '2026-02-28 13:04:32.322412+00', 1);
INSERT INTO public.payslip_app_adminauditlog VALUES (155, 'view_logs', NULL, 'Viewed reports page', '192.168.100.162', '2026-02-28 13:06:32.946876+00', 1);
INSERT INTO public.payslip_app_adminauditlog VALUES (156, 'view_logs', NULL, 'Viewed retrieval logs', '192.168.100.162', '2026-02-28 13:09:29.078428+00', 1);
INSERT INTO public.payslip_app_adminauditlog VALUES (157, 'logout', 'Jabbie', NULL, '192.168.100.162', '2026-02-28 13:12:35.268596+00', 1);
INSERT INTO public.payslip_app_adminauditlog VALUES (158, 'login', 'Jabbie', 'Successful login with 2FA', '192.168.100.162', '2026-02-28 13:14:21.051037+00', 1);
INSERT INTO public.payslip_app_adminauditlog VALUES (159, 'upload_payslip', 'PS-B6WBQL8E', 'Uploaded January', '192.168.100.162', '2026-02-28 13:15:28.858726+00', 1);
INSERT INTO public.payslip_app_adminauditlog VALUES (160, 'upload_payslip', 'PS-B6WBQL8E', 'Uploaded February', '192.168.100.162', '2026-02-28 13:15:43.571001+00', 1);
INSERT INTO public.payslip_app_adminauditlog VALUES (161, 'logout', 'Jabbie', NULL, '192.168.100.162', '2026-02-28 13:16:00.194998+00', 1);
INSERT INTO public.payslip_app_adminauditlog VALUES (162, 'login', 'Jabbie', 'Successful login with 2FA', '127.0.0.1', '2026-02-28 18:46:10.835901+00', 1);
INSERT INTO public.payslip_app_adminauditlog VALUES (163, 'view_logs', NULL, 'Viewed retrieval logs', '127.0.0.1', '2026-02-28 18:46:18.067042+00', 1);
INSERT INTO public.payslip_app_adminauditlog VALUES (164, 'view_logs', NULL, 'Viewed reports page', '127.0.0.1', '2026-02-28 18:46:23.238917+00', 1);
INSERT INTO public.payslip_app_adminauditlog VALUES (165, 'view_logs', NULL, 'Viewed reports page', '127.0.0.1', '2026-02-28 18:46:43.484919+00', 1);
INSERT INTO public.payslip_app_adminauditlog VALUES (166, 'logout', 'Jabbie', NULL, '127.0.0.1', '2026-02-28 18:46:50.968687+00', 1);
INSERT INTO public.payslip_app_adminauditlog VALUES (167, 'login', 'Jabbie', 'Successful login with 2FA', '192.168.100.162', '2026-02-28 20:26:40.383148+00', 1);
INSERT INTO public.payslip_app_adminauditlog VALUES (168, 'view_logs', NULL, 'Viewed retrieval logs', '192.168.100.162', '2026-02-28 20:27:06.080181+00', 1);
INSERT INTO public.payslip_app_adminauditlog VALUES (169, 'view_logs', NULL, 'Viewed reports page', '192.168.100.162', '2026-02-28 20:27:25.337598+00', 1);
INSERT INTO public.payslip_app_adminauditlog VALUES (170, 'logout', 'Jabbie', NULL, '192.168.100.162', '2026-02-28 20:27:41.005941+00', 1);


--
-- Data for Name: payslip_app_notificationlog; Type: TABLE DATA; Schema: public; Owner: -
--



--
-- Data for Name: payslip_app_payrolldata; Type: TABLE DATA; Schema: public; Owner: -
--

INSERT INTO public.payslip_app_payrolldata VALUES (1, '1', 'Fatama Conteh', 'January', 2026, '1001', '2000-01-14', true, NULL);


--
-- Data for Name: payslip_app_payslipdownloadlog; Type: TABLE DATA; Schema: public; Owner: -
--

INSERT INTO public.payslip_app_payslipdownloadlog VALUES (1, 'PS-G2G3MYP9', 'January', 'success', 'streamed_by_django', '192.168.100.162', '31e0g7o65fxt06tbbrdy3jlrq30fmuie', '2026-02-28 13:02:13.133886+00', 20, 1);
INSERT INTO public.payslip_app_payslipdownloadlog VALUES (2, 'PS-B6WBQL8E', 'January', 'success', 'streamed_by_django', '192.168.100.162', 'j2e36p66ybpbkju1o20g4l4ohi5vssfw', '2026-02-28 13:16:13.009235+00', 21, NULL);
INSERT INTO public.payslip_app_payslipdownloadlog VALUES (3, 'PS-B6WBQL8E', 'February', 'success', 'streamed_by_django', '192.168.100.162', 'j2e36p66ybpbkju1o20g4l4ohi5vssfw', '2026-02-28 13:16:20.23398+00', 22, NULL);
INSERT INTO public.payslip_app_payslipdownloadlog VALUES (4, 'PS-B6WBQL8E', 'February', 'success', 'streamed_by_django', '192.168.100.141', '6zz80rwc7jpc1bptdfqc0wohtxzyahxb', '2026-02-28 13:23:40.316937+00', 22, NULL);
INSERT INTO public.payslip_app_payslipdownloadlog VALUES (5, 'PS-B6WBQL8E', 'January', 'success', 'streamed_by_django', '192.168.100.141', '6zz80rwc7jpc1bptdfqc0wohtxzyahxb', '2026-02-28 13:23:47.233186+00', 21, NULL);
INSERT INTO public.payslip_app_payslipdownloadlog VALUES (6, 'PS-B6WBQL8E', 'February', 'success', 'streamed_by_django', '192.168.100.141', '6zz80rwc7jpc1bptdfqc0wohtxzyahxb', '2026-02-28 13:23:49.764914+00', 22, NULL);


--
-- Data for Name: payslip_app_payslipfile; Type: TABLE DATA; Schema: public; Owner: -
--

INSERT INTO public.payslip_app_payslipfile VALUES (15, 'January', 'payslips/Fatmata_Conteh_payslips_2026_1772099977_n3Defns.pdf', '2026-02-26 19:25:45.705219+00', 6);
INSERT INTO public.payslip_app_payslipfile VALUES (16, 'February', 'payslips/Fatmata_Conteh_payslips_2026_1772099977_LTFdWDQ.pdf', '2026-02-26 19:25:56.986678+00', 6);
INSERT INTO public.payslip_app_payslipfile VALUES (17, 'March', 'payslips/Fatmata_Conteh_payslips_2026_1772099977_jCvJu1r.pdf', '2026-02-26 19:26:06.169795+00', 6);
INSERT INTO public.payslip_app_payslipfile VALUES (18, 'January', 'payslips/Fatmata_Conteh_payslips_2026_1772099977_13G4z77.pdf', '2026-02-26 19:48:05.774355+00', 5);
INSERT INTO public.payslip_app_payslipfile VALUES (19, 'February', 'payslips/Fatmata_Conteh_payslips_2026_1772099977_xiSOcZq.pdf', '2026-02-26 19:48:15.969975+00', 5);
INSERT INTO public.payslip_app_payslipfile VALUES (20, 'January', 'payslips/Submit_Request__IFMIS_Help_Desk.pdf', '2026-02-28 01:54:10.961751+00', 17);
INSERT INTO public.payslip_app_payslipfile VALUES (21, 'January', 'payslips/Submit_Request__IFMIS_Help_Desk_cy7oFHx.pdf', '2026-02-28 13:15:28.853079+00', 18);
INSERT INTO public.payslip_app_payslipfile VALUES (22, 'February', 'payslips/Submit_Request__IFMIS_Help_Desk_6IlQTX3.pdf', '2026-02-28 13:15:43.566221+00', 18);


--
-- Data for Name: payslip_app_paysliprequest; Type: TABLE DATA; Schema: public; Owner: -
--

INSERT INTO public.payslip_app_paysliprequest VALUES (6, 'Henrison Moseray', '119668', 'Ministry', 'ICT Technician', '+23279674048', 'henrisonmoseray01@gmail.com', 'Loan Application', 2025, '["January", "February", "March"]', 'completed', 'PS-Q20925GZ', 'id_cards/WhatsApp_Image_2026-02-19_at_10_2rwWfMY.38.07_AM.jpeg', 'id_cards/WhatsApp_Image_2026-02-19_at_10_eG168rH.38.07_AM.jpeg', '2026-02-26 11:42:48.537388+00');
INSERT INTO public.payslip_app_paysliprequest VALUES (5, 'Henrison Moseray', '119668', 'Ministry', 'ICT Technician', '+23279674048', 'henrisonmoseray01@gmail.com', 'Loan Application', 2025, '["January", "February"]', 'completed', 'PS-0NCSJSTY', 'id_cards/WhatsApp_Image_2026-02-19_at_10.38.07_AM.jpeg', 'id_cards/WhatsApp_Image_2026-02-19_at_10_ixYWP77.38.07_AM.jpeg', '2026-02-26 11:39:40.775688+00');
INSERT INTO public.payslip_app_paysliprequest VALUES (17, 'Abdulai Jalloh', '111222', 'Ministry of finance', 'Director', '+232334455', 'jabbieabdulai582@gmail.com', 'Work permit', 2017, '["January"]', 'completed', 'PS-G2G3MYP9', 'id_cards/signature.jpeg', 'id_cards/logo01_EuAlpVZ.png', '2026-02-27 13:29:16.964523+00');
INSERT INTO public.payslip_app_paysliprequest VALUES (18, 'Alhaji Kamara', '1001', 'DFMST', 'systems technician', '+232334455', 'nestogucci9@gmail.com', 'Travel opportunity', 2017, '["January", "February"]', 'completed', 'PS-B6WBQL8E', 'id_cards/logo01_ux7s6QE.png', 'id_cards/signature_NzSqLjs.jpeg', '2026-02-28 13:13:42.510587+00');
INSERT INTO public.payslip_app_paysliprequest VALUES (19, 'Abdulai Jabbie', '10020', 'Ministry of Foreign Affairs', 'Accountant', '+232 778899', 'jabbieabdulai582@gmail.com', 'Bank loan', 2019, '["January", "February"]', 'pending', 'PS-86ESV25M', 'id_cards/IMG_1593.jpeg', 'id_cards/IMG_1583_QN6sq3x.jpeg', '2026-02-28 20:26:03.486591+00');


--
-- Data for Name: payslip_app_payslipretrievallog; Type: TABLE DATA; Schema: public; Owner: -
--

INSERT INTO public.payslip_app_payslipretrievallog VALUES (1, 'Alhaji Kamara', '1001', '1988-02-14', 'Finance', 'Ministry of Finance', 'January', 2025, '127.0.0.1', '2026-02-25 13:24:01.38811+00');
INSERT INTO public.payslip_app_payslipretrievallog VALUES (2, 'Alhaji Kamara', '1001', '1988-02-14', 'Finance', 'Ministry of Finance', 'January', 2025, '127.0.0.1', '2026-02-25 13:24:21.739071+00');
INSERT INTO public.payslip_app_payslipretrievallog VALUES (3, 'Alhaji Kamara', '1001', '1988-02-14', 'Finance', 'Ministry of Finance', 'January', 2025, '127.0.0.1', '2026-02-25 13:24:29.554981+00');
INSERT INTO public.payslip_app_payslipretrievallog VALUES (4, 'Fatmata Conteh', '1002', '1992-06-10', 'Health', 'Ministry of Health', 'January', 2025, '127.0.0.1', '2026-02-25 13:29:04.14411+00');
INSERT INTO public.payslip_app_payslipretrievallog VALUES (7, 'Fatmata Conteh', '1002', '1992-06-10', 'Health', 'Ministry of Health', 'January', 2025, '127.0.0.1', '2026-02-26 09:41:36.603667+00');
INSERT INTO public.payslip_app_payslipretrievallog VALUES (8, 'Fatmata Conteh', '1002', '1992-06-10', 'Health', 'Ministry of Health', 'January', 2025, '127.0.0.1', '2026-02-26 09:49:56.854814+00');
INSERT INTO public.payslip_app_payslipretrievallog VALUES (9, 'Fatmata Conteh', '1002', '1992-06-10', 'Health', 'Ministry of Health', 'January,February,March', 2026, '127.0.0.1', '2026-02-26 09:59:37.117506+00');
INSERT INTO public.payslip_app_payslipretrievallog VALUES (10, 'Fatmata Conteh', '1002', '1992-06-10', 'Health', 'Ministry of Health', 'January,February', 2026, '10.27.10.73', '2026-02-26 12:53:29.351303+00');
INSERT INTO public.payslip_app_payslipretrievallog VALUES (11, 'Alhaji Kamara', '1001', '1988-02-14', 'Finance', 'Ministry of Finance', 'January,February', 2026, '127.0.0.1', '2026-02-28 01:10:12.280183+00');
INSERT INTO public.payslip_app_payslipretrievallog VALUES (12, 'Alhaji Kamara', '1001', '1988-02-14', 'Finance', 'Ministry of Finance', 'January', 2025, '127.0.0.1', '2026-02-28 01:14:49.414741+00');
INSERT INTO public.payslip_app_payslipretrievallog VALUES (13, 'Alhaji Kamara', '1001', '1988-02-14', 'Finance', 'Ministry of Finance', 'January', 2025, '127.0.0.1', '2026-02-28 01:16:57.47268+00');
INSERT INTO public.payslip_app_payslipretrievallog VALUES (14, 'Alhaji Kamara', '1001', '1988-02-14', 'Finance', 'Ministry of Finance', 'January', 2025, '192.168.100.162', '2026-02-28 01:22:07.306788+00');
INSERT INTO public.payslip_app_payslipretrievallog VALUES (15, 'Fatmata Conteh', '1002', '1992-06-10', 'Health', 'Ministry of Health', 'January', 2025, '127.0.0.1', '2026-02-28 19:11:02.462849+00');


--
-- Name: auth_group_id_seq; Type: SEQUENCE SET; Schema: public; Owner: -
--

SELECT pg_catalog.setval('public.auth_group_id_seq', 1, false);


--
-- Name: auth_group_permissions_id_seq; Type: SEQUENCE SET; Schema: public; Owner: -
--

SELECT pg_catalog.setval('public.auth_group_permissions_id_seq', 1, false);


--
-- Name: auth_permission_id_seq; Type: SEQUENCE SET; Schema: public; Owner: -
--

SELECT pg_catalog.setval('public.auth_permission_id_seq', 88, true);


--
-- Name: auth_user_groups_id_seq; Type: SEQUENCE SET; Schema: public; Owner: -
--

SELECT pg_catalog.setval('public.auth_user_groups_id_seq', 1, false);


--
-- Name: auth_user_id_seq; Type: SEQUENCE SET; Schema: public; Owner: -
--

SELECT pg_catalog.setval('public.auth_user_id_seq', 2, true);


--
-- Name: auth_user_user_permissions_id_seq; Type: SEQUENCE SET; Schema: public; Owner: -
--

SELECT pg_catalog.setval('public.auth_user_user_permissions_id_seq', 1, false);


--
-- Name: axes_accessattempt_id_seq; Type: SEQUENCE SET; Schema: public; Owner: -
--

SELECT pg_catalog.setval('public.axes_accessattempt_id_seq', 1, false);


--
-- Name: axes_accessfailurelog_id_seq; Type: SEQUENCE SET; Schema: public; Owner: -
--

SELECT pg_catalog.setval('public.axes_accessfailurelog_id_seq', 1, false);


--
-- Name: axes_accesslog_id_seq; Type: SEQUENCE SET; Schema: public; Owner: -
--

SELECT pg_catalog.setval('public.axes_accesslog_id_seq', 46, true);


--
-- Name: django_admin_log_id_seq; Type: SEQUENCE SET; Schema: public; Owner: -
--

SELECT pg_catalog.setval('public.django_admin_log_id_seq', 15, true);


--
-- Name: django_content_type_id_seq; Type: SEQUENCE SET; Schema: public; Owner: -
--

SELECT pg_catalog.setval('public.django_content_type_id_seq', 22, true);


--
-- Name: django_migrations_id_seq; Type: SEQUENCE SET; Schema: public; Owner: -
--

SELECT pg_catalog.setval('public.django_migrations_id_seq', 75, true);


--
-- Name: employee_payslip_id_seq; Type: SEQUENCE SET; Schema: public; Owner: -
--

SELECT pg_catalog.setval('public.employee_payslip_id_seq', 1, false);


--
-- Name: otp_static_staticdevice_id_seq; Type: SEQUENCE SET; Schema: public; Owner: -
--

SELECT pg_catalog.setval('public.otp_static_staticdevice_id_seq', 1, false);


--
-- Name: otp_static_statictoken_id_seq; Type: SEQUENCE SET; Schema: public; Owner: -
--

SELECT pg_catalog.setval('public.otp_static_statictoken_id_seq', 1, false);


--
-- Name: otp_totp_totpdevice_id_seq; Type: SEQUENCE SET; Schema: public; Owner: -
--

SELECT pg_catalog.setval('public.otp_totp_totpdevice_id_seq', 1, true);


--
-- Name: payslip_app_adminauditlog_id_seq; Type: SEQUENCE SET; Schema: public; Owner: -
--

SELECT pg_catalog.setval('public.payslip_app_adminauditlog_id_seq', 170, true);


--
-- Name: payslip_app_notificationlog_id_seq; Type: SEQUENCE SET; Schema: public; Owner: -
--

SELECT pg_catalog.setval('public.payslip_app_notificationlog_id_seq', 1, false);


--
-- Name: payslip_app_payrolldata_id_seq; Type: SEQUENCE SET; Schema: public; Owner: -
--

SELECT pg_catalog.setval('public.payslip_app_payrolldata_id_seq', 1, true);


--
-- Name: payslip_app_payslipdownloadlog_id_seq; Type: SEQUENCE SET; Schema: public; Owner: -
--

SELECT pg_catalog.setval('public.payslip_app_payslipdownloadlog_id_seq', 6, true);


--
-- Name: payslip_app_payslipfile_id_seq; Type: SEQUENCE SET; Schema: public; Owner: -
--

SELECT pg_catalog.setval('public.payslip_app_payslipfile_id_seq', 22, true);


--
-- Name: payslip_app_paysliprequest_id_seq; Type: SEQUENCE SET; Schema: public; Owner: -
--

SELECT pg_catalog.setval('public.payslip_app_paysliprequest_id_seq', 19, true);


--
-- Name: payslip_app_payslipretrievallog_id_seq; Type: SEQUENCE SET; Schema: public; Owner: -
--

SELECT pg_catalog.setval('public.payslip_app_payslipretrievallog_id_seq', 15, true);


--
-- Name: auth_group auth_group_name_key; Type: CONSTRAINT; Schema: public; Owner: -
--

ALTER TABLE ONLY public.auth_group
    ADD CONSTRAINT auth_group_name_key UNIQUE (name);


--
-- Name: auth_group_permissions auth_group_permissions_group_id_permission_id_0cd325b0_uniq; Type: CONSTRAINT; Schema: public; Owner: -
--

ALTER TABLE ONLY public.auth_group_permissions
    ADD CONSTRAINT auth_group_permissions_group_id_permission_id_0cd325b0_uniq UNIQUE (group_id, permission_id);


--
-- Name: auth_group_permissions auth_group_permissions_pkey; Type: CONSTRAINT; Schema: public; Owner: -
--

ALTER TABLE ONLY public.auth_group_permissions
    ADD CONSTRAINT auth_group_permissions_pkey PRIMARY KEY (id);


--
-- Name: auth_group auth_group_pkey; Type: CONSTRAINT; Schema: public; Owner: -
--

ALTER TABLE ONLY public.auth_group
    ADD CONSTRAINT auth_group_pkey PRIMARY KEY (id);


--
-- Name: auth_permission auth_permission_content_type_id_codename_01ab375a_uniq; Type: CONSTRAINT; Schema: public; Owner: -
--

ALTER TABLE ONLY public.auth_permission
    ADD CONSTRAINT auth_permission_content_type_id_codename_01ab375a_uniq UNIQUE (content_type_id, codename);


--
-- Name: auth_permission auth_permission_pkey; Type: CONSTRAINT; Schema: public; Owner: -
--

ALTER TABLE ONLY public.auth_permission
    ADD CONSTRAINT auth_permission_pkey PRIMARY KEY (id);


--
-- Name: auth_user_groups auth_user_groups_pkey; Type: CONSTRAINT; Schema: public; Owner: -
--

ALTER TABLE ONLY public.auth_user_groups
    ADD CONSTRAINT auth_user_groups_pkey PRIMARY KEY (id);


--
-- Name: auth_user_groups auth_user_groups_user_id_group_id_94350c0c_uniq; Type: CONSTRAINT; Schema: public; Owner: -
--

ALTER TABLE ONLY public.auth_user_groups
    ADD CONSTRAINT auth_user_groups_user_id_group_id_94350c0c_uniq UNIQUE (user_id, group_id);


--
-- Name: auth_user auth_user_pkey; Type: CONSTRAINT; Schema: public; Owner: -
--

ALTER TABLE ONLY public.auth_user
    ADD CONSTRAINT auth_user_pkey PRIMARY KEY (id);


--
-- Name: auth_user_user_permissions auth_user_user_permissions_pkey; Type: CONSTRAINT; Schema: public; Owner: -
--

ALTER TABLE ONLY public.auth_user_user_permissions
    ADD CONSTRAINT auth_user_user_permissions_pkey PRIMARY KEY (id);


--
-- Name: auth_user_user_permissions auth_user_user_permissions_user_id_permission_id_14a6b632_uniq; Type: CONSTRAINT; Schema: public; Owner: -
--

ALTER TABLE ONLY public.auth_user_user_permissions
    ADD CONSTRAINT auth_user_user_permissions_user_id_permission_id_14a6b632_uniq UNIQUE (user_id, permission_id);


--
-- Name: auth_user auth_user_username_key; Type: CONSTRAINT; Schema: public; Owner: -
--

ALTER TABLE ONLY public.auth_user
    ADD CONSTRAINT auth_user_username_key UNIQUE (username);


--
-- Name: axes_accessattempt axes_accessattempt_pkey; Type: CONSTRAINT; Schema: public; Owner: -
--

ALTER TABLE ONLY public.axes_accessattempt
    ADD CONSTRAINT axes_accessattempt_pkey PRIMARY KEY (id);


--
-- Name: axes_accessattempt axes_accessattempt_username_ip_address_user_agent_8ea22282_uniq; Type: CONSTRAINT; Schema: public; Owner: -
--

ALTER TABLE ONLY public.axes_accessattempt
    ADD CONSTRAINT axes_accessattempt_username_ip_address_user_agent_8ea22282_uniq UNIQUE (username, ip_address, user_agent);


--
-- Name: axes_accessattemptexpiration axes_accessattemptexpiration_pkey; Type: CONSTRAINT; Schema: public; Owner: -
--

ALTER TABLE ONLY public.axes_accessattemptexpiration
    ADD CONSTRAINT axes_accessattemptexpiration_pkey PRIMARY KEY (access_attempt_id);


--
-- Name: axes_accessfailurelog axes_accessfailurelog_pkey; Type: CONSTRAINT; Schema: public; Owner: -
--

ALTER TABLE ONLY public.axes_accessfailurelog
    ADD CONSTRAINT axes_accessfailurelog_pkey PRIMARY KEY (id);


--
-- Name: axes_accesslog axes_accesslog_pkey; Type: CONSTRAINT; Schema: public; Owner: -
--

ALTER TABLE ONLY public.axes_accesslog
    ADD CONSTRAINT axes_accesslog_pkey PRIMARY KEY (id);


--
-- Name: django_admin_log django_admin_log_pkey; Type: CONSTRAINT; Schema: public; Owner: -
--

ALTER TABLE ONLY public.django_admin_log
    ADD CONSTRAINT django_admin_log_pkey PRIMARY KEY (id);


--
-- Name: django_content_type django_content_type_app_label_model_76bd3d3b_uniq; Type: CONSTRAINT; Schema: public; Owner: -
--

ALTER TABLE ONLY public.django_content_type
    ADD CONSTRAINT django_content_type_app_label_model_76bd3d3b_uniq UNIQUE (app_label, model);


--
-- Name: django_content_type django_content_type_pkey; Type: CONSTRAINT; Schema: public; Owner: -
--

ALTER TABLE ONLY public.django_content_type
    ADD CONSTRAINT django_content_type_pkey PRIMARY KEY (id);


--
-- Name: django_migrations django_migrations_pkey; Type: CONSTRAINT; Schema: public; Owner: -
--

ALTER TABLE ONLY public.django_migrations
    ADD CONSTRAINT django_migrations_pkey PRIMARY KEY (id);


--
-- Name: django_session django_session_pkey; Type: CONSTRAINT; Schema: public; Owner: -
--

ALTER TABLE ONLY public.django_session
    ADD CONSTRAINT django_session_pkey PRIMARY KEY (session_key);


--
-- Name: employee_payslip employee_payslip_nin_month_year_5fc2890b_uniq; Type: CONSTRAINT; Schema: public; Owner: -
--

ALTER TABLE ONLY public.employee_payslip
    ADD CONSTRAINT employee_payslip_nin_month_year_5fc2890b_uniq UNIQUE (nin, month, year);


--
-- Name: employee_payslip employee_payslip_pkey; Type: CONSTRAINT; Schema: public; Owner: -
--

ALTER TABLE ONLY public.employee_payslip
    ADD CONSTRAINT employee_payslip_pkey PRIMARY KEY (id);


--
-- Name: otp_static_staticdevice otp_static_staticdevice_pkey; Type: CONSTRAINT; Schema: public; Owner: -
--

ALTER TABLE ONLY public.otp_static_staticdevice
    ADD CONSTRAINT otp_static_staticdevice_pkey PRIMARY KEY (id);


--
-- Name: otp_static_statictoken otp_static_statictoken_pkey; Type: CONSTRAINT; Schema: public; Owner: -
--

ALTER TABLE ONLY public.otp_static_statictoken
    ADD CONSTRAINT otp_static_statictoken_pkey PRIMARY KEY (id);


--
-- Name: otp_totp_totpdevice otp_totp_totpdevice_pkey; Type: CONSTRAINT; Schema: public; Owner: -
--

ALTER TABLE ONLY public.otp_totp_totpdevice
    ADD CONSTRAINT otp_totp_totpdevice_pkey PRIMARY KEY (id);


--
-- Name: payslip_app_adminauditlog payslip_app_adminauditlog_pkey; Type: CONSTRAINT; Schema: public; Owner: -
--

ALTER TABLE ONLY public.payslip_app_adminauditlog
    ADD CONSTRAINT payslip_app_adminauditlog_pkey PRIMARY KEY (id);


--
-- Name: payslip_app_notificationlog payslip_app_notificationlog_pkey; Type: CONSTRAINT; Schema: public; Owner: -
--

ALTER TABLE ONLY public.payslip_app_notificationlog
    ADD CONSTRAINT payslip_app_notificationlog_pkey PRIMARY KEY (id);


--
-- Name: payslip_app_payrolldata payslip_app_payrolldata_pkey; Type: CONSTRAINT; Schema: public; Owner: -
--

ALTER TABLE ONLY public.payslip_app_payrolldata
    ADD CONSTRAINT payslip_app_payrolldata_pkey PRIMARY KEY (id);


--
-- Name: payslip_app_payslipdownloadlog payslip_app_payslipdownloadlog_pkey; Type: CONSTRAINT; Schema: public; Owner: -
--

ALTER TABLE ONLY public.payslip_app_payslipdownloadlog
    ADD CONSTRAINT payslip_app_payslipdownloadlog_pkey PRIMARY KEY (id);


--
-- Name: payslip_app_payslipfile payslip_app_payslipfile_pkey; Type: CONSTRAINT; Schema: public; Owner: -
--

ALTER TABLE ONLY public.payslip_app_payslipfile
    ADD CONSTRAINT payslip_app_payslipfile_pkey PRIMARY KEY (id);


--
-- Name: payslip_app_paysliprequest payslip_app_paysliprequest_pkey; Type: CONSTRAINT; Schema: public; Owner: -
--

ALTER TABLE ONLY public.payslip_app_paysliprequest
    ADD CONSTRAINT payslip_app_paysliprequest_pkey PRIMARY KEY (id);


--
-- Name: payslip_app_paysliprequest payslip_app_paysliprequest_reference_number_key; Type: CONSTRAINT; Schema: public; Owner: -
--

ALTER TABLE ONLY public.payslip_app_paysliprequest
    ADD CONSTRAINT payslip_app_paysliprequest_reference_number_key UNIQUE (reference_number);


--
-- Name: payslip_app_payslipretrievallog payslip_app_payslipretrievallog_pkey; Type: CONSTRAINT; Schema: public; Owner: -
--

ALTER TABLE ONLY public.payslip_app_payslipretrievallog
    ADD CONSTRAINT payslip_app_payslipretrievallog_pkey PRIMARY KEY (id);


--
-- Name: auth_group_name_a6ea08ec_like; Type: INDEX; Schema: public; Owner: -
--

CREATE INDEX auth_group_name_a6ea08ec_like ON public.auth_group USING btree (name varchar_pattern_ops);


--
-- Name: auth_group_permissions_group_id_b120cbf9; Type: INDEX; Schema: public; Owner: -
--

CREATE INDEX auth_group_permissions_group_id_b120cbf9 ON public.auth_group_permissions USING btree (group_id);


--
-- Name: auth_group_permissions_permission_id_84c5c92e; Type: INDEX; Schema: public; Owner: -
--

CREATE INDEX auth_group_permissions_permission_id_84c5c92e ON public.auth_group_permissions USING btree (permission_id);


--
-- Name: auth_permission_content_type_id_2f476e4b; Type: INDEX; Schema: public; Owner: -
--

CREATE INDEX auth_permission_content_type_id_2f476e4b ON public.auth_permission USING btree (content_type_id);


--
-- Name: auth_user_groups_group_id_97559544; Type: INDEX; Schema: public; Owner: -
--

CREATE INDEX auth_user_groups_group_id_97559544 ON public.auth_user_groups USING btree (group_id);


--
-- Name: auth_user_groups_user_id_6a12ed8b; Type: INDEX; Schema: public; Owner: -
--

CREATE INDEX auth_user_groups_user_id_6a12ed8b ON public.auth_user_groups USING btree (user_id);


--
-- Name: auth_user_user_permissions_permission_id_1fbb5f2c; Type: INDEX; Schema: public; Owner: -
--

CREATE INDEX auth_user_user_permissions_permission_id_1fbb5f2c ON public.auth_user_user_permissions USING btree (permission_id);


--
-- Name: auth_user_user_permissions_user_id_a95ead1b; Type: INDEX; Schema: public; Owner: -
--

CREATE INDEX auth_user_user_permissions_user_id_a95ead1b ON public.auth_user_user_permissions USING btree (user_id);


--
-- Name: auth_user_username_6821ab7c_like; Type: INDEX; Schema: public; Owner: -
--

CREATE INDEX auth_user_username_6821ab7c_like ON public.auth_user USING btree (username varchar_pattern_ops);


--
-- Name: axes_accessattempt_ip_address_10922d9c; Type: INDEX; Schema: public; Owner: -
--

CREATE INDEX axes_accessattempt_ip_address_10922d9c ON public.axes_accessattempt USING btree (ip_address);


--
-- Name: axes_accessattempt_user_agent_ad89678b; Type: INDEX; Schema: public; Owner: -
--

CREATE INDEX axes_accessattempt_user_agent_ad89678b ON public.axes_accessattempt USING btree (user_agent);


--
-- Name: axes_accessattempt_user_agent_ad89678b_like; Type: INDEX; Schema: public; Owner: -
--

CREATE INDEX axes_accessattempt_user_agent_ad89678b_like ON public.axes_accessattempt USING btree (user_agent varchar_pattern_ops);


--
-- Name: axes_accessattempt_username_3f2d4ca0; Type: INDEX; Schema: public; Owner: -
--

CREATE INDEX axes_accessattempt_username_3f2d4ca0 ON public.axes_accessattempt USING btree (username);


--
-- Name: axes_accessattempt_username_3f2d4ca0_like; Type: INDEX; Schema: public; Owner: -
--

CREATE INDEX axes_accessattempt_username_3f2d4ca0_like ON public.axes_accessattempt USING btree (username varchar_pattern_ops);


--
-- Name: axes_accessfailurelog_ip_address_2e9f5a7f; Type: INDEX; Schema: public; Owner: -
--

CREATE INDEX axes_accessfailurelog_ip_address_2e9f5a7f ON public.axes_accessfailurelog USING btree (ip_address);


--
-- Name: axes_accessfailurelog_user_agent_ea145dda; Type: INDEX; Schema: public; Owner: -
--

CREATE INDEX axes_accessfailurelog_user_agent_ea145dda ON public.axes_accessfailurelog USING btree (user_agent);


--
-- Name: axes_accessfailurelog_user_agent_ea145dda_like; Type: INDEX; Schema: public; Owner: -
--

CREATE INDEX axes_accessfailurelog_user_agent_ea145dda_like ON public.axes_accessfailurelog USING btree (user_agent varchar_pattern_ops);


--
-- Name: axes_accessfailurelog_username_a8b7e8a4; Type: INDEX; Schema: public; Owner: -
--

CREATE INDEX axes_accessfailurelog_username_a8b7e8a4 ON public.axes_accessfailurelog USING btree (username);


--
-- Name: axes_accessfailurelog_username_a8b7e8a4_like; Type: INDEX; Schema: public; Owner: -
--

CREATE INDEX axes_accessfailurelog_username_a8b7e8a4_like ON public.axes_accessfailurelog USING btree (username varchar_pattern_ops);


--
-- Name: axes_accesslog_ip_address_86b417e5; Type: INDEX; Schema: public; Owner: -
--

CREATE INDEX axes_accesslog_ip_address_86b417e5 ON public.axes_accesslog USING btree (ip_address);


--
-- Name: axes_accesslog_user_agent_0e659004; Type: INDEX; Schema: public; Owner: -
--

CREATE INDEX axes_accesslog_user_agent_0e659004 ON public.axes_accesslog USING btree (user_agent);


--
-- Name: axes_accesslog_user_agent_0e659004_like; Type: INDEX; Schema: public; Owner: -
--

CREATE INDEX axes_accesslog_user_agent_0e659004_like ON public.axes_accesslog USING btree (user_agent varchar_pattern_ops);


--
-- Name: axes_accesslog_username_df93064b; Type: INDEX; Schema: public; Owner: -
--

CREATE INDEX axes_accesslog_username_df93064b ON public.axes_accesslog USING btree (username);


--
-- Name: axes_accesslog_username_df93064b_like; Type: INDEX; Schema: public; Owner: -
--

CREATE INDEX axes_accesslog_username_df93064b_like ON public.axes_accesslog USING btree (username varchar_pattern_ops);


--
-- Name: django_admin_log_content_type_id_c4bce8eb; Type: INDEX; Schema: public; Owner: -
--

CREATE INDEX django_admin_log_content_type_id_c4bce8eb ON public.django_admin_log USING btree (content_type_id);


--
-- Name: django_admin_log_user_id_c564eba6; Type: INDEX; Schema: public; Owner: -
--

CREATE INDEX django_admin_log_user_id_c564eba6 ON public.django_admin_log USING btree (user_id);


--
-- Name: django_session_expire_date_a5c62663; Type: INDEX; Schema: public; Owner: -
--

CREATE INDEX django_session_expire_date_a5c62663 ON public.django_session USING btree (expire_date);


--
-- Name: django_session_session_key_c0390e0f_like; Type: INDEX; Schema: public; Owner: -
--

CREATE INDEX django_session_session_key_c0390e0f_like ON public.django_session USING btree (session_key varchar_pattern_ops);


--
-- Name: otp_static_staticdevice_user_id_7f9cff2b; Type: INDEX; Schema: public; Owner: -
--

CREATE INDEX otp_static_staticdevice_user_id_7f9cff2b ON public.otp_static_staticdevice USING btree (user_id);


--
-- Name: otp_static_statictoken_device_id_74b7c7d1; Type: INDEX; Schema: public; Owner: -
--

CREATE INDEX otp_static_statictoken_device_id_74b7c7d1 ON public.otp_static_statictoken USING btree (device_id);


--
-- Name: otp_static_statictoken_token_d0a51866; Type: INDEX; Schema: public; Owner: -
--

CREATE INDEX otp_static_statictoken_token_d0a51866 ON public.otp_static_statictoken USING btree (token);


--
-- Name: otp_static_statictoken_token_d0a51866_like; Type: INDEX; Schema: public; Owner: -
--

CREATE INDEX otp_static_statictoken_token_d0a51866_like ON public.otp_static_statictoken USING btree (token varchar_pattern_ops);


--
-- Name: otp_totp_totpdevice_user_id_0fb18292; Type: INDEX; Schema: public; Owner: -
--

CREATE INDEX otp_totp_totpdevice_user_id_0fb18292 ON public.otp_totp_totpdevice USING btree (user_id);


--
-- Name: payslip_app_adminauditlog_admin_id_fc7f0e89; Type: INDEX; Schema: public; Owner: -
--

CREATE INDEX payslip_app_adminauditlog_admin_id_fc7f0e89 ON public.payslip_app_adminauditlog USING btree (admin_id);


--
-- Name: payslip_app_payslipdownloadlog_payslip_file_id_b29e8016; Type: INDEX; Schema: public; Owner: -
--

CREATE INDEX payslip_app_payslipdownloadlog_payslip_file_id_b29e8016 ON public.payslip_app_payslipdownloadlog USING btree (payslip_file_id);


--
-- Name: payslip_app_payslipdownloadlog_request_reference_063295b4; Type: INDEX; Schema: public; Owner: -
--

CREATE INDEX payslip_app_payslipdownloadlog_request_reference_063295b4 ON public.payslip_app_payslipdownloadlog USING btree (request_reference);


--
-- Name: payslip_app_payslipdownloadlog_request_reference_063295b4_like; Type: INDEX; Schema: public; Owner: -
--

CREATE INDEX payslip_app_payslipdownloadlog_request_reference_063295b4_like ON public.payslip_app_payslipdownloadlog USING btree (request_reference varchar_pattern_ops);


--
-- Name: payslip_app_payslipdownloadlog_requested_by_id_20450cb7; Type: INDEX; Schema: public; Owner: -
--

CREATE INDEX payslip_app_payslipdownloadlog_requested_by_id_20450cb7 ON public.payslip_app_payslipdownloadlog USING btree (requested_by_id);


--
-- Name: payslip_app_payslipfile_request_id_85f7c46c; Type: INDEX; Schema: public; Owner: -
--

CREATE INDEX payslip_app_payslipfile_request_id_85f7c46c ON public.payslip_app_payslipfile USING btree (request_id);


--
-- Name: payslip_app_paysliprequest_reference_number_7d1d3de1_like; Type: INDEX; Schema: public; Owner: -
--

CREATE INDEX payslip_app_paysliprequest_reference_number_7d1d3de1_like ON public.payslip_app_paysliprequest USING btree (reference_number varchar_pattern_ops);


--
-- Name: auth_group_permissions auth_group_permissio_permission_id_84c5c92e_fk_auth_perm; Type: FK CONSTRAINT; Schema: public; Owner: -
--

ALTER TABLE ONLY public.auth_group_permissions
    ADD CONSTRAINT auth_group_permissio_permission_id_84c5c92e_fk_auth_perm FOREIGN KEY (permission_id) REFERENCES public.auth_permission(id) DEFERRABLE INITIALLY DEFERRED;


--
-- Name: auth_group_permissions auth_group_permissions_group_id_b120cbf9_fk_auth_group_id; Type: FK CONSTRAINT; Schema: public; Owner: -
--

ALTER TABLE ONLY public.auth_group_permissions
    ADD CONSTRAINT auth_group_permissions_group_id_b120cbf9_fk_auth_group_id FOREIGN KEY (group_id) REFERENCES public.auth_group(id) DEFERRABLE INITIALLY DEFERRED;


--
-- Name: auth_permission auth_permission_content_type_id_2f476e4b_fk_django_co; Type: FK CONSTRAINT; Schema: public; Owner: -
--

ALTER TABLE ONLY public.auth_permission
    ADD CONSTRAINT auth_permission_content_type_id_2f476e4b_fk_django_co FOREIGN KEY (content_type_id) REFERENCES public.django_content_type(id) DEFERRABLE INITIALLY DEFERRED;


--
-- Name: auth_user_groups auth_user_groups_group_id_97559544_fk_auth_group_id; Type: FK CONSTRAINT; Schema: public; Owner: -
--

ALTER TABLE ONLY public.auth_user_groups
    ADD CONSTRAINT auth_user_groups_group_id_97559544_fk_auth_group_id FOREIGN KEY (group_id) REFERENCES public.auth_group(id) DEFERRABLE INITIALLY DEFERRED;


--
-- Name: auth_user_groups auth_user_groups_user_id_6a12ed8b_fk_auth_user_id; Type: FK CONSTRAINT; Schema: public; Owner: -
--

ALTER TABLE ONLY public.auth_user_groups
    ADD CONSTRAINT auth_user_groups_user_id_6a12ed8b_fk_auth_user_id FOREIGN KEY (user_id) REFERENCES public.auth_user(id) DEFERRABLE INITIALLY DEFERRED;


--
-- Name: auth_user_user_permissions auth_user_user_permi_permission_id_1fbb5f2c_fk_auth_perm; Type: FK CONSTRAINT; Schema: public; Owner: -
--

ALTER TABLE ONLY public.auth_user_user_permissions
    ADD CONSTRAINT auth_user_user_permi_permission_id_1fbb5f2c_fk_auth_perm FOREIGN KEY (permission_id) REFERENCES public.auth_permission(id) DEFERRABLE INITIALLY DEFERRED;


--
-- Name: auth_user_user_permissions auth_user_user_permissions_user_id_a95ead1b_fk_auth_user_id; Type: FK CONSTRAINT; Schema: public; Owner: -
--

ALTER TABLE ONLY public.auth_user_user_permissions
    ADD CONSTRAINT auth_user_user_permissions_user_id_a95ead1b_fk_auth_user_id FOREIGN KEY (user_id) REFERENCES public.auth_user(id) DEFERRABLE INITIALLY DEFERRED;


--
-- Name: axes_accessattemptexpiration axes_accessattemptex_access_attempt_id_6b73a47a_fk_axes_acce; Type: FK CONSTRAINT; Schema: public; Owner: -
--

ALTER TABLE ONLY public.axes_accessattemptexpiration
    ADD CONSTRAINT axes_accessattemptex_access_attempt_id_6b73a47a_fk_axes_acce FOREIGN KEY (access_attempt_id) REFERENCES public.axes_accessattempt(id) DEFERRABLE INITIALLY DEFERRED;


--
-- Name: django_admin_log django_admin_log_content_type_id_c4bce8eb_fk_django_co; Type: FK CONSTRAINT; Schema: public; Owner: -
--

ALTER TABLE ONLY public.django_admin_log
    ADD CONSTRAINT django_admin_log_content_type_id_c4bce8eb_fk_django_co FOREIGN KEY (content_type_id) REFERENCES public.django_content_type(id) DEFERRABLE INITIALLY DEFERRED;


--
-- Name: django_admin_log django_admin_log_user_id_c564eba6_fk_auth_user_id; Type: FK CONSTRAINT; Schema: public; Owner: -
--

ALTER TABLE ONLY public.django_admin_log
    ADD CONSTRAINT django_admin_log_user_id_c564eba6_fk_auth_user_id FOREIGN KEY (user_id) REFERENCES public.auth_user(id) DEFERRABLE INITIALLY DEFERRED;


--
-- Name: otp_static_staticdevice otp_static_staticdevice_user_id_7f9cff2b_fk_auth_user_id; Type: FK CONSTRAINT; Schema: public; Owner: -
--

ALTER TABLE ONLY public.otp_static_staticdevice
    ADD CONSTRAINT otp_static_staticdevice_user_id_7f9cff2b_fk_auth_user_id FOREIGN KEY (user_id) REFERENCES public.auth_user(id) DEFERRABLE INITIALLY DEFERRED;


--
-- Name: otp_static_statictoken otp_static_statictok_device_id_74b7c7d1_fk_otp_stati; Type: FK CONSTRAINT; Schema: public; Owner: -
--

ALTER TABLE ONLY public.otp_static_statictoken
    ADD CONSTRAINT otp_static_statictok_device_id_74b7c7d1_fk_otp_stati FOREIGN KEY (device_id) REFERENCES public.otp_static_staticdevice(id) DEFERRABLE INITIALLY DEFERRED;


--
-- Name: otp_totp_totpdevice otp_totp_totpdevice_user_id_0fb18292_fk_auth_user_id; Type: FK CONSTRAINT; Schema: public; Owner: -
--

ALTER TABLE ONLY public.otp_totp_totpdevice
    ADD CONSTRAINT otp_totp_totpdevice_user_id_0fb18292_fk_auth_user_id FOREIGN KEY (user_id) REFERENCES public.auth_user(id) DEFERRABLE INITIALLY DEFERRED;


--
-- Name: payslip_app_adminauditlog payslip_app_adminauditlog_admin_id_fc7f0e89_fk_auth_user_id; Type: FK CONSTRAINT; Schema: public; Owner: -
--

ALTER TABLE ONLY public.payslip_app_adminauditlog
    ADD CONSTRAINT payslip_app_adminauditlog_admin_id_fc7f0e89_fk_auth_user_id FOREIGN KEY (admin_id) REFERENCES public.auth_user(id) DEFERRABLE INITIALLY DEFERRED;


--
-- Name: payslip_app_payslipdownloadlog payslip_app_payslipd_payslip_file_id_b29e8016_fk_payslip_a; Type: FK CONSTRAINT; Schema: public; Owner: -
--

ALTER TABLE ONLY public.payslip_app_payslipdownloadlog
    ADD CONSTRAINT payslip_app_payslipd_payslip_file_id_b29e8016_fk_payslip_a FOREIGN KEY (payslip_file_id) REFERENCES public.payslip_app_payslipfile(id) DEFERRABLE INITIALLY DEFERRED;


--
-- Name: payslip_app_payslipdownloadlog payslip_app_payslipd_requested_by_id_20450cb7_fk_auth_user; Type: FK CONSTRAINT; Schema: public; Owner: -
--

ALTER TABLE ONLY public.payslip_app_payslipdownloadlog
    ADD CONSTRAINT payslip_app_payslipd_requested_by_id_20450cb7_fk_auth_user FOREIGN KEY (requested_by_id) REFERENCES public.auth_user(id) DEFERRABLE INITIALLY DEFERRED;


--
-- Name: payslip_app_payslipfile payslip_app_payslipf_request_id_85f7c46c_fk_payslip_a; Type: FK CONSTRAINT; Schema: public; Owner: -
--

ALTER TABLE ONLY public.payslip_app_payslipfile
    ADD CONSTRAINT payslip_app_payslipf_request_id_85f7c46c_fk_payslip_a FOREIGN KEY (request_id) REFERENCES public.payslip_app_paysliprequest(id) DEFERRABLE INITIALLY DEFERRED;


--
-- PostgreSQL database dump complete
--



